dataset,seed,fold,kappa,lambda_aff_spk_adv,lambda_orth,best_epoch,train_seconds,test_uar,test_macro_f1,test_acc,c_aff_rep_linear_mi_lb_bits,c_aff_rep_linear_control_bits,c_aff_rep_linear_entropy_bits,c_aff_rep_mlp_mi_lb_bits,c_aff_rep_mlp_control_bits,c_aff_rep_mlp_entropy_bits,c_style_rep_linear_mi_lb_bits,c_style_rep_linear_control_bits,c_style_rep_linear_entropy_bits,c_style_rep_mlp_mi_lb_bits,c_style_rep_mlp_control_bits,c_style_rep_mlp_entropy_bits,h_linear_mi_lb_bits,h_linear_control_bits,h_linear_entropy_bits,h_mlp_mi_lb_bits,h_mlp_control_bits,h_mlp_entropy_bits,c_aff_probe_acc,c_aff_leakage_index,input_cmn
iemocap,42,1,0.0,0.0,0.0,10,291.9,0.5022102661665535,0.4667229299536367,0.4522968197879858,0.1495538172503958,-0.0040681930253292,0.9836697149306288,0.2178049443728059,-0.0059481141494893,0.9836697149306288,0.6023418874264086,-0.0050578836664106,0.9836697149306288,0.4225539932479583,-0.0021426372183613,0.9836697149306288,0.813249199981143,-0.0950532672543713,0.9836697149306288,0.7158540739374575,-0.035650815343174,0.9836697149306288,0.7035294117647058,0.4070588235294117,
iemocap,42,1,0.5,0.175,0.025,25,515.0,0.5163426416057393,0.4913102350110447,0.4902826855123675,0.2793459305335264,-0.0036908951676795,0.9836697149306288,0.2607108841629642,-0.0096064984276955,0.9836697149306288,0.7244716243500408,-0.0041974194328882,0.9836697149306288,0.4808953440434601,-0.0060035012580524,0.9836697149306288,0.865953973236,-0.1287428665147834,0.9836697149306288,0.802889526485498,-0.0973104212382414,0.9836697149306288,0.7552941176470588,0.5105882352941176,
iemocap,42,1,1.0,0.35,0.05,5,225.8,0.4881679034776497,0.4480779322803609,0.4337455830388692,0.3175425736605692,-0.0013087272179131,0.9836697149306288,0.2316688769623233,-0.0074172935864895,0.9836697149306288,0.5107245985985363,-0.002363375116498,0.9836697149306288,0.4656303220800154,-0.0043357334107139,0.9836697149306288,0.7515863010844079,-0.0504098199115539,0.9836697149306288,0.6808139900758226,-0.0404063373046879,0.9836697149306288,0.6758823529411764,0.3517647058823527,
iemocap,42,1,2.0,0.7,0.1,3,201.5,0.4969848752756119,0.4382837013706029,0.4249116607773852,0.1185427891066934,-0.002540617030857,0.9836697149306288,0.0458318081973209,-0.0071379992440757,0.9836697149306288,0.1371384145842026,-0.0015870008209291,0.9836697149306288,0.0885428472988181,-0.0048451936087732,0.9836697149306288,0.7139619528187195,-0.0443471948977702,0.9836697149306288,0.5802212286434716,-0.0568654758693643,0.9836697149306288,0.6158823529411765,0.2317647058823531,
iemocap,42,1,4.0,1.4,0.2,3,201.4,0.4847529388865028,0.4118426441672863,0.4028268551236749,0.0306364800832942,-0.0039120471291768,0.9836697149306288,0.0255841068132202,-0.0078065204884728,0.9836697149306288,0.09977632063438,-0.0046423348931127,0.9836697149306288,0.0754419426715535,-0.0024577272236,0.9836697149306288,0.6587342701928096,-0.0545924461360205,0.9836697149306288,0.5008179861776227,-0.0521700817561032,0.9836697149306288,0.5958823529411765,0.191764705882353,
iemocap,42,1,8.0,2.8,0.4,3,201.2,0.494420045165887,0.4301149962725492,0.4222614840989399,0.0262901857009774,-0.0028216933332474,0.9836697149306288,0.0130839678688365,-0.0009423856783452,0.9836697149306288,0.0947612152312649,-0.006556088200364,0.9836697149306288,0.063846759521841,-0.0059353454541829,0.9836697149306288,0.6615112556408644,-0.0427123659115895,0.9836697149306288,0.5096021562925726,-0.0409853242728395,0.9836697149306288,0.5570588235294117,0.1141176470588234,
iemocap,42,1,16.0,5.6,0.8,4,214.6,0.4605953795276526,0.3663618176964881,0.3736749116607774,0.0209095046878424,-0.0023782715194873,0.9836697149306288,0.0067597395638094,0.0020887484203239,0.9836697149306288,0.1002822823954598,-0.0085954512013298,0.9836697149306288,0.1021873171420508,0.0001657079299687,0.9836697149306288,0.6542969266745868,-0.0521425297105229,0.9836697149306288,0.4299731352951048,-0.0598817059659972,0.9836697149306288,0.5170588235294117,0.0341176470588233,
iemocap,42,2,0.0,0.0,0.0,16,381.7,0.5021482559226199,0.4859160236245931,0.4885159010600706,0.0696949825735113,-0.0108860475716962,0.9910444329385492,0.0627957335125366,-0.0088964294026669,0.9910444329385492,0.0449867925407112,-0.0019303241722359,0.9910444329385492,0.0412840871438129,-0.003976219828758,0.9910444329385492,0.5561328331308173,-0.1624220081833333,0.9910444329385492,0.3773772723443492,-0.0663627503572342,0.9910444329385492,0.6376470588235293,0.2752941176470587,
iemocap,42,2,0.5,0.175,0.025,16,395.9,0.5121190026783412,0.4863739562142483,0.4964664310954063,0.0634630275846637,-0.0085961726124981,0.9910444329385492,0.0623211848803553,-0.0142341380155125,0.9910444329385492,0.0399876252169263,-0.0066020934601137,0.9910444329385492,0.0485635974466771,-0.0099499210921886,0.9910444329385492,0.5374333723938378,-0.155400291628217,0.9910444329385492,0.434750383268889,-0.0862736438491335,0.9910444329385492,0.63,0.26,
iemocap,42,2,1.0,0.35,0.05,27,565.9,0.5192993130105633,0.5047324911540229,0.5035335689045937,0.0455297360406095,-0.0061396125487498,0.9910444329385492,0.0466844655298824,-0.0122769367695901,0.9910444329385492,0.0435872266070793,-0.0103638816719319,0.9910444329385492,0.0327834907814889,-0.01235680197919,0.9910444329385492,0.4805908039436659,-0.1613757493973707,0.9910444329385492,0.4149533572283236,-0.1108405129074238,0.9910444329385492,0.6005882352941176,0.2011764705882353,
iemocap,42,2,2.0,0.7,0.1,21,473.0,0.4798046539152961,0.4516542239170811,0.4514134275618374,0.0563188765923856,-0.0086592506952044,0.9910444329385492,0.0524318068367549,-0.0183224301141581,0.9910444329385492,0.0512892782971373,-0.0022172377407665,0.9910444329385492,0.0463125120334569,-0.0168951094701373,0.9910444329385492,0.4511364707196721,-0.1394921802069951,0.9910444329385492,0.3472540255497314,-0.0897597710987899,0.9910444329385492,0.6082352941176471,0.2164705882352942,
iemocap,42,2,4.0,1.4,0.2,21,466.6,0.4996840982165267,0.4807659260896202,0.4823321554770318,0.0472391795480051,-0.0049701789332694,0.9910444329385492,0.0445675660571448,-0.0083390010706739,0.9910444329385492,0.0378969982713096,0.0005133286938735,0.9910444329385492,0.0284489357004509,-0.0024989180718681,0.9910444329385492,0.4142750776089018,-0.1464100699144966,0.9910444329385492,0.3448254623469633,-0.0591140868208112,0.9910444329385492,0.5941176470588236,0.1882352941176472,
iemocap,42,2,8.0,2.8,0.4,9,289.9,0.5056295716158937,0.4996949354442558,0.4973498233215547,0.0343011386841514,-0.0035129417669316,0.9910444329385492,0.0246894600230906,-0.0084704882570992,0.9910444329385492,0.1198051910330624,-0.0045186625627891,0.9910444329385492,0.0862170998915542,-0.0084557923321072,0.9910444329385492,0.3221608432393142,-0.0637951545985636,0.9910444329385492,0.2357238795079766,-0.0458432598273955,0.9910444329385492,0.5664705882352942,0.1329411764705883,
iemocap,42,2,16.0,5.6,0.8,21,465.7,0.4916377750979801,0.4595933971504375,0.4637809187279152,0.0255514846295388,-0.004728024919768,0.9910444329385492,0.018094165491598,-0.011698929804781,0.9910444329385492,0.0133947356250425,-0.0035240179808025,0.9910444329385492,0.0050791225108384,-0.0070298729918676,0.9910444329385492,0.455860634710563,-0.1055672897420038,0.9910444329385492,0.2687898320751362,-0.0744267434000741,0.9910444329385492,0.6047058823529412,0.2094117647058824,
iemocap,42,3,0.0,0.0,0.0,7,256.6,0.508708660726944,0.5006743644949463,0.5431654676258992,0.0878677059274632,-0.0046810975567876,0.9973008701007468,0.061740634646029,-0.0074714794049346,0.9973008701007468,0.0830203405160813,-0.0033624432341745,0.9973008701007468,0.0609409880459482,-0.0114674430188548,0.9973008701007468,0.4906270737253922,-0.0974670456296276,0.9973008701007468,0.2637137094923505,-0.0770237413090282,0.9973008701007468,0.6341317365269461,0.2682634730538922,
iemocap,42,3,0.5,0.175,0.025,7,262.3,0.5111681498109706,0.5054125138557548,0.5359712230215827,0.0952373763758301,-0.0067876318405819,0.9973008701007468,0.0729342315394175,-0.0105288645110037,0.9973008701007468,0.0916150337135337,-0.0063924489533984,0.9973008701007468,0.0602142981024712,-0.008135209671066,0.9973008701007468,0.4996278127149168,-0.0868940604833434,0.9973008701007468,0.2860176284897369,-0.0793800527836221,0.9973008701007468,0.6419161676646707,0.2838323353293415,
iemocap,42,3,1.0,0.35,0.05,7,261.9,0.4906110325069869,0.4754553910423299,0.5242805755395683,0.0626416911171715,-0.0047129885826993,0.9973008701007468,0.0545924045570328,-0.0098494687083696,0.9973008701007468,0.0686011610293378,-0.0041075933950394,0.9973008701007468,0.0396117125403525,-0.0026113272073297,0.9973008701007468,0.4718095593341721,-0.0743359688332059,0.9973008701007468,0.2020372698775836,-0.0856470994075542,0.9973008701007468,0.62874251497006,0.2574850299401199,
iemocap,42,3,2.0,0.7,0.1,16,395.6,0.4649864332109197,0.4790225387219108,0.4865107913669064,0.0754642043468633,-0.0126301119486562,0.9973008701007468,0.0501359571766599,-0.0104768376364046,0.9973008701007468,0.0701065436738754,-0.0008189590663383,0.9973008701007468,0.045645594318371,-0.0075133939039415,0.9973008701007468,0.643074458083988,-0.131985807322994,0.9973008701007468,0.4621863972865104,-0.1100622896267002,0.9973008701007468,0.6101796407185629,0.2203592814371258,
iemocap,42,3,4.0,1.4,0.2,7,254.5,0.491256573054268,0.49617882036569,0.5,0.0734329567623477,-0.0042735326075518,0.9973008701007468,0.0631670525439686,-0.0048924158667855,0.9973008701007468,0.2032638671563191,-0.0028718372210558,0.9973008701007468,0.1652047147123696,-0.0042049547779612,0.9973008701007468,0.4795687268463767,-0.0630573251293755,0.9973008701007468,0.2816364890361786,-0.1219362944795614,0.9973008701007468,0.6047904191616766,0.2095808383233532,
iemocap,42,3,8.0,2.8,0.4,6,241.1,0.4704945626583473,0.4648862043479015,0.4775179856115107,0.0924875421207037,-0.0030737822231983,0.9973008701007468,0.0634014682543464,-0.0012569195166738,0.9973008701007468,0.14012194167831,-0.0009653090826874,0.9973008701007468,0.1303884927082171,-0.0104112155723392,0.9973008701007468,0.5254079135189332,-0.0688738307933987,0.9973008701007468,0.3431739253007446,-0.0436661962750715,0.9973008701007468,0.6065868263473053,0.2131736526946106,
iemocap,42,3,16.0,5.6,0.8,17,405.2,0.4209482992120517,0.3947377770548502,0.4559352517985611,0.0923560048045287,-0.0036143042281815,0.9973008701007468,0.0741812679439641,-0.0056317388300528,0.9973008701007468,0.1915508774360543,-0.0058729225902756,0.9973008701007468,0.133858024102176,-0.0096666018843238,0.9973008701007468,0.5875370268114186,-0.1073686855735414,0.9973008701007468,0.41855586383024,-0.057596721992992,0.9973008701007468,0.6197604790419161,0.2395209580838322,
iemocap,42,4,0.0,0.0,0.0,38,562.9,0.5690070646826302,0.5336623822414885,0.535483870967742,0.1219084737863137,-0.002795686906524,0.9994846138022,0.1052831013357594,-0.0011642057834683,0.9994846138022,0.5842269443294799,-0.0009309920483798,0.9994846138022,0.4714640214003459,-0.0033480522684937,0.9994846138022,0.6888813410949814,-0.1691070986362427,0.9994846138022,0.6716335505328602,-0.0927043963658161,0.9994846138022,0.6245398773006136,0.2490797546012271,
iemocap,42,4,0.5,0.175,0.025,40,594.0,0.5815010161827321,0.5518948336285512,0.5539170506912442,0.0278643581970455,-0.0031827630912885,0.9994846138022,0.0670242910944691,-0.0045843609877521,0.9994846138022,0.5956009974528003,-0.0017040454257425,0.9994846138022,0.3691851422633301,-0.0055017179149251,0.9994846138022,0.637720244258739,-0.1452107429241124,0.9994846138022,0.6154399259590078,-0.0731448661447174,0.9994846138022,0.5588957055214723,0.1177914110429445,
iemocap,42,4,1.0,0.35,0.05,37,589.9,0.5874200245327531,0.5600682220125361,0.5612903225806452,0.0317093995569573,-0.0026119780921792,0.9994846138022,0.0693435443189531,-0.0013260966341185,0.9994846138022,0.5881760430397671,-0.004036720871997,0.9994846138022,0.3376312217026159,-0.003185078995643,0.9994846138022,0.6419479694711596,-0.1670399051169001,0.9994846138022,0.6119130511466819,-0.0741475082020627,0.9994846138022,0.596319018404908,0.1926380368098159,
iemocap,42,4,2.0,0.7,0.1,9,279.7,0.5472233069237222,0.4896958372207751,0.4958525345622119,0.0290542843866316,-0.0054419331446032,0.9994846138022,0.0377037929901611,-0.003006538779828,0.9994846138022,0.4508199784914584,0.0005894691714274,0.9994846138022,0.2799835555441821,0.0032176700119724,0.9994846138022,0.6536196499531592,-0.0900908928581815,0.9994846138022,0.5515923839688606,-0.0535049005503892,0.9994846138022,0.5564417177914109,0.1128834355828218,
iemocap,42,4,4.0,1.4,0.2,12,333.5,0.5377277666089115,0.4923753431326457,0.5013824884792627,0.0742417765026185,-0.0043391571431034,0.9994846138022,0.0399089855162011,-0.0023397638510435,0.9994846138022,0.3112580245312886,-0.0015612327304116,0.9994846138022,0.2240545366399836,-0.0007900578719844,0.9994846138022,0.6454731026501479,-0.0952585769116721,0.9994846138022,0.5325395698433231,-0.0563051303428928,0.9994846138022,0.6104294478527608,0.2208588957055215,
iemocap,42,4,8.0,2.8,0.4,18,416.6,0.503223385254341,0.4507389564747012,0.4525345622119816,0.0606208380726529,-0.0028269077166139,0.9994846138022,0.110363893624629,-0.001193634064822,0.9994846138022,0.506353024860787,-0.002768249727265,0.9994846138022,0.2489242878169028,-0.0010308237877157,0.9994846138022,0.6421550427486371,-0.0878285609950461,0.9994846138022,0.5789479769438884,-0.0560687736075159,0.9994846138022,0.5337423312883436,0.0674846625766871,
iemocap,42,4,16.0,5.6,0.8,39,600.6,0.5174742919334455,0.4687531247624282,0.4746543778801843,-0.000581252882546,-0.0051640050814935,0.9994846138022,0.019822886349446,-0.0036037676608441,0.9994846138022,0.6028002440314806,0.0002971640508355,0.9994846138022,0.2986561525241682,0.0006309168996129,0.9994846138022,0.6716452800912774,-0.0963430676099416,0.9994846138022,0.6094547258978167,-0.0702073495260861,0.9994846138022,0.5141104294478528,0.0282208588957055,
iemocap,42,5,0.0,0.0,0.0,31,582.2,0.5642978464051172,0.5602591342553358,0.5485981308411215,0.3075457367401684,-0.004830055792128,0.9998765061155545,0.3008035557996127,-0.0074188545840195,0.9998765061155545,0.8969298282489927,-0.0064496997263495,0.9998765061155545,0.5568209398912045,-0.0053499577890349,0.9998765061155545,0.95266413273549,-0.1734467554696884,0.9998765061155545,0.8894388613085268,-0.0584302010832947,0.9998765061155545,0.7607476635514018,0.5214953271028036,
iemocap,42,5,0.5,0.175,0.025,36,606.7,0.5847974340153154,0.5689575926864661,0.5579439252336449,0.2103518494303075,-0.0056802374651742,0.9998765061155545,0.2729681473752643,-0.0039665693153602,0.9998765061155545,0.8594079021545169,-0.0007954988564579,0.9998765061155545,0.5810988734386824,-0.0011702224841486,0.9998765061155545,0.9374299570308048,-0.1481785605202902,0.9998765061155545,0.9138634583724614,-0.0375904604625522,0.9998765061155545,0.7059190031152648,0.4118380062305296,
iemocap,42,5,1.0,0.35,0.05,39,615.2,0.5700470889594305,0.5534870746822784,0.5439252336448598,0.1908800420290236,-0.0033381849094481,0.9998765061155545,0.2088422559041642,-0.0078848689107521,0.9998765061155545,0.873164469119504,-0.0077144337635702,0.9998765061155545,0.75869899430254,-0.0088529326846001,0.9998765061155545,0.9093278631469168,-0.1241997572113026,0.9998765061155545,0.8981510186240772,-0.0760149228523056,0.9998765061155545,0.6897196261682242,0.3794392523364485,
iemocap,42,5,2.0,0.7,0.1,8,279.4,0.5505650224932225,0.5207050456069112,0.5093457943925234,0.4555070148977408,-0.008479425585023,0.9998765061155545,0.5041116569132673,-0.0117505644489005,0.9998765061155545,0.8023595293032564,-0.0040866121648602,0.9998765061155545,0.4959889681713516,-0.0046174295250894,0.9998765061155545,0.907413711328287,-0.079605713563387,0.9998765061155545,0.8473604296846331,-0.0482109549463015,0.9998765061155545,0.7208722741433021,0.4417445482866042,
iemocap,42,5,4.0,1.4,0.2,21,475.7,0.5216829688749222,0.5205720921639809,0.5121495327102804,0.1666186229539007,-0.0065585978915035,0.9998765061155545,0.2618267372065277,-0.006507382219225,0.9998765061155545,0.8812106762550361,-0.0078137710773064,0.9998765061155545,0.6052791145071512,-0.0042157098773728,0.9998765061155545,0.9301591815716084,-0.1663449839982701,0.9998765061155545,0.9133608865565492,-0.0489136664739405,0.9998765061155545,0.7233644859813084,0.4467289719626168,
iemocap,42,5,8.0,2.8,0.4,22,490.8,0.5532785061703573,0.522693370063061,0.514018691588785,0.2622122006297972,-0.0025922519327971,0.9998765061155545,0.4038930757008105,-0.0042660117550824,0.9998765061155545,0.8337692563732456,-0.0036661671690118,0.9998765061155545,0.603423903161038,-0.0035762379452749,0.9998765061155545,0.9294644451807924,-0.1103897296274371,0.9998765061155545,0.8621881089303164,-0.052090065822682,0.9998765061155545,0.7345794392523365,0.4691588785046729,
iemocap,42,5,16.0,5.6,0.8,40,614.7,0.5196030169966082,0.5037706015838808,0.4897196261682243,0.2135939537150253,-0.0029747924776036,0.9998765061155545,0.2319620035886088,-0.0039711700330798,0.9998765061155545,0.6715976786229209,-0.0065882855154667,0.9998765061155545,0.5771299338557152,-0.0061823098075642,0.9998765061155545,0.8523348544606428,-0.1408374913470801,0.9998765061155545,0.8132709024061077,-0.0450315415091672,0.9998765061155545,0.7302180685358255,0.460436137071651,
iemocap,43,1,0.0,0.0,0.0,12,321.7,0.5193678392474164,0.501503171425788,0.4796819787985866,0.1147082894106598,-0.0040203228496664,0.9836697149306288,0.1277293756462342,-0.0051359211269738,0.9836697149306288,0.7476612343766239,0.0006072547927008,0.9836697149306288,0.4260124053839322,-0.0022953845797715,0.9836697149306288,0.8516582492594651,-0.09783048557694,0.9836697149306288,0.7517056307160441,-0.0527928266605663,0.9836697149306288,0.63,0.26,
iemocap,43,1,0.5,0.175,0.025,26,537.6,0.5276453257407991,0.516827545500276,0.4946996466431095,0.3083019082069356,-0.0019389918783047,0.9836697149306288,0.4051805003573493,-0.0047472553755693,0.9836697149306288,0.8072146056597375,-0.0031064739686514,0.9836697149306288,0.6543430696450527,-0.0005198556982631,0.9836697149306288,0.8967300160463628,-0.1317984810623651,0.9836697149306288,0.8000153837962843,-0.052495472742182,0.9836697149306288,0.6823529411764705,0.364705882352941,
iemocap,43,1,1.0,0.35,0.05,22,476.7,0.5240452513539138,0.5094520460953511,0.4858657243816254,0.2229806094782563,-0.001514148828545,0.9836697149306288,0.312367168313283,-0.0092807414008089,0.9836697149306288,0.7916785147006656,-0.0014841780563665,0.9836697149306288,0.6458143953614558,-0.0018340834901001,0.9836697149306288,0.8865138076246439,-0.1294100173684018,0.9836697149306288,0.827482730693897,-0.0501773669354379,0.9836697149306288,0.6623529411764706,0.3247058823529412,
iemocap,43,1,2.0,0.7,0.1,22,476.8,0.521504548637936,0.4924113327282745,0.4717314487632509,0.0277649490940059,0.0028286240304515,0.9836697149306288,0.0741922177147348,-0.0075497617919982,0.9836697149306288,0.8018148467296582,0.0073319376681267,0.9836697149306288,0.4671598159237559,0.0062956810439896,0.9836697149306288,0.893054618570422,-0.1221191593180137,0.9836697149306288,0.788237357300527,-0.060851019736837,0.9836697149306288,0.5729411764705882,0.1458823529411763,
iemocap,43,1,4.0,1.4,0.2,30,599.1,0.5333794752852972,0.5108189991432914,0.4867491166077738,0.1407064062626351,-0.0062418774395529,0.9836697149306288,0.1463975639211797,-0.0079563180641131,0.9836697149306288,0.770849734787014,0.0012156785917352,0.9836697149306288,0.6536093700966951,-0.0049301327036175,0.9836697149306288,0.8776766506791656,-0.1452396133559215,0.9836697149306288,0.8462011625713872,-0.0403514448698172,0.9836697149306288,0.6347058823529411,0.2694117647058822,
iemocap,43,1,8.0,2.8,0.4,30,601.1,0.5369458172232068,0.5246126221124751,0.5008833922261484,0.0873999604860247,-0.0078122509317249,0.9836697149306288,0.177171447330151,-0.0059221516145653,0.9836697149306288,0.5601758589294337,-0.00576520450095,0.9836697149306288,0.3432875276041656,-0.0015031817295932,0.9836697149306288,0.85834537727435,-0.1328669700091418,0.9836697149306288,0.7846754851567792,-0.0351474323866598,0.9836697149306288,0.6447058823529411,0.2894117647058822,
iemocap,43,1,16.0,5.6,0.8,11,311.4,0.5288743034921182,0.488030068136809,0.4708480565371025,0.0165870624894723,-0.0039781477764874,0.9836697149306288,0.0144577122928305,-0.0027271413348206,0.9836697149306288,0.042189907438058,-0.005415679409811,0.9836697149306288,0.100760884584056,-0.0067314184888706,0.9836697149306288,0.6210379976766587,-0.0447547844141622,0.9836697149306288,0.3897441840938214,-0.0448826354281397,0.9836697149306288,0.5417647058823529,0.0835294117647058,
iemocap,43,2,0.0,0.0,0.0,10,288.3,0.5209408893432894,0.4976830942164658,0.5097173144876325,0.0636506172675038,-0.006730519796398,0.9910444329385492,0.0601072501860497,-0.0072487326181542,0.9910444329385492,0.0543153453944068,-0.0095809292065326,0.9910444329385492,0.0400070382473709,-0.0064125593484688,0.9910444329385492,0.4825039542788634,-0.1029997908112493,0.9910444329385492,0.3268524394618624,-0.0493042602338643,0.9910444329385492,0.6105882352941177,0.2211764705882353,
iemocap,43,2,0.5,0.175,0.025,31,604.8,0.5271860376715471,0.5262053119713105,0.5185512367491166,0.0555637125536541,-0.0090594150526041,0.9910444329385492,0.0629965722637585,-0.014848932289451,0.9910444329385492,0.052048164207174,-0.0083231288140268,0.9910444329385492,0.0368107072480897,-0.0132093226888775,0.9910444329385492,0.5073910264143358,-0.1490639043957703,0.9910444329385492,0.4538295643339186,-0.1227549268904869,0.9910444329385492,0.5976470588235295,0.195294117647059,
iemocap,43,2,1.0,0.35,0.05,26,545.2,0.5087174680087015,0.4856705570914466,0.4946996466431095,0.0394725924014595,-0.0023977450966662,0.9910444329385492,0.0526873998359563,-0.0140295916675668,0.9910444329385492,0.024887647440575,-0.0067774587454757,0.9910444329385492,-0.0085422578673312,-0.0081332566605416,0.9910444329385492,0.5765143424195474,-0.1018408156070566,0.9910444329385492,0.4480986331120139,-0.0454798371170576,0.9910444329385492,0.5894117647058824,0.1788235294117648,
iemocap,43,2,2.0,0.7,0.1,17,408.9,0.5185388475996149,0.5086374954542672,0.5114840989399293,0.01422139568029,-0.0059499002474714,0.9910444329385492,0.0299907180594195,-0.0069607514698871,0.9910444329385492,0.0687290751992262,-0.0071060524694037,0.9910444329385492,0.0348270812483455,-0.0089906797349116,0.9910444329385492,0.4933267796029827,-0.0944043722570718,0.9910444329385492,0.3129587894725445,-0.0449790230316321,0.9910444329385492,0.5617647058823529,0.1235294117647058,
iemocap,43,2,4.0,1.4,0.2,9,285.5,0.510574350549577,0.4799913239917672,0.4858657243816254,0.0370458303130656,-0.004469965841196,0.9910444329385492,0.0401259168837252,-0.0064156142021015,0.9910444329385492,0.091441560997536,-0.0047029327645481,0.9910444329385492,0.0385390655467906,-0.0076576263340339,0.9910444329385492,0.4346878907023199,-0.0782222403895579,0.9910444329385492,0.1999944181613937,-0.0478103157478856,0.9910444329385492,0.5841176470588236,0.1682352941176472,
iemocap,43,2,8.0,2.8,0.4,30,599.2,0.5004775634910579,0.4760990833859243,0.4787985865724382,0.0286647802695373,-0.0016370689464197,0.9910444329385492,0.0327770381759043,-0.0087653661781892,0.9910444329385492,0.0526362069378889,-0.0084547913739668,0.9910444329385492,0.0404553656508924,-0.0067085698208187,0.9910444329385492,0.4139814731711067,-0.1283795290146211,0.9910444329385492,0.2802733475442209,-0.0717777375552343,0.9910444329385492,0.5823529411764706,0.1647058823529412,
iemocap,43,2,16.0,5.6,0.8,18,416.5,0.5075909031549277,0.4749867060097227,0.4743816254416961,0.0215620553115241,-0.0060636888469294,0.9910444329385492,0.016874403576385,-0.0079319668984959,0.9910444329385492,0.0721632237582062,-0.0047939100121806,0.9910444329385492,0.0511401553208936,-0.0038334263876913,0.9910444329385492,0.3178812027397936,-0.1213295462014142,0.9910444329385492,0.2230241850509048,-0.0697961723859336,0.9910444329385492,0.5894117647058824,0.1788235294117648,
iemocap,43,3,0.0,0.0,0.0,35,582.9,0.5204426741786101,0.511910694474904,0.5314748201438849,0.1068618197190368,-0.0084570824221938,0.9973008701007468,0.0904170642847072,-0.0057981992235494,0.9973008701007468,0.0444115431976084,-0.0066874729912309,0.9973008701007468,0.0427117517420805,-0.0089109862604628,0.9973008701007468,0.5780242444634656,-0.1741688310228482,0.9973008701007468,0.4707964402276869,-0.1096878532120697,0.9973008701007468,0.6592814371257485,0.318562874251497,
iemocap,43,3,0.5,0.175,0.025,24,502.9,0.5207948154493027,0.5157768748462045,0.5233812949640287,0.1003951040698827,-0.0101900994824022,0.9973008701007468,0.0805178434448584,-0.0078230885794925,0.9973008701007468,0.0466458646399609,-0.0090036016640275,0.9973008701007468,0.0150087858256493,-0.0068200097726041,0.9973008701007468,0.5594363873575463,-0.1210922199500008,0.9973008701007468,0.3847584178329785,-0.1047220014462919,0.9973008701007468,0.6431137724550898,0.2862275449101796,
iemocap,43,3,1.0,0.35,0.05,37,586.6,0.5253779745827432,0.5202871159030514,0.5296762589928058,0.1234192064715249,-0.0056487323198659,0.9973008701007468,0.0886950902721108,-0.011307182495609,0.9973008701007468,0.0474627764944614,-0.0043376918620441,0.9973008701007468,0.047086470990486,-0.0113550990295876,0.9973008701007468,0.5583199336367834,-0.1393865913341381,0.9973008701007468,0.3897453303496189,-0.1348783290317652,0.9973008701007468,0.6724550898203593,0.3449101796407186,
iemocap,43,3,2.0,0.7,0.1,33,601.6,0.5131424459012619,0.5128395883619246,0.5242805755395683,0.1456038449246867,-0.0081993946207696,0.9973008701007468,0.0572654902364321,-0.0165264285162829,0.9973008701007468,0.0581560097962365,-0.0057739986583462,0.9973008701007468,0.0346158084719997,-0.0111767240140514,0.9973008701007468,0.5589693128924943,-0.1547141023374161,0.9973008701007468,0.4528213087662484,-0.1099966615539769,0.9973008701007468,0.6443113772455089,0.2886227544910178,
iemocap,43,3,4.0,1.4,0.2,24,507.9,0.5072932630668321,0.5009855204149102,0.5152877697841727,0.0467454838038416,-0.0129193048905102,0.9973008701007468,0.0316132027757635,-0.0217503441131645,0.9973008701007468,0.0288234357752116,-0.0129612165391141,0.9973008701007468,0.0099044630498111,-0.0060789460225847,0.9973008701007468,0.5145264553773223,-0.1336195184997597,0.9973008701007468,0.393733342894656,-0.101376022933233,0.9973008701007468,0.6005988023952097,0.2011976047904193,
iemocap,43,3,8.0,2.8,0.4,38,598.0,0.5096834353262277,0.5054288956639634,0.5170863309352518,0.0353196167641749,-0.0131814262215357,0.9973008701007468,0.0341671977100391,-0.0058008087957219,0.9973008701007468,0.1675676400859764,-0.0062202782958116,0.9973008701007468,0.1214463701569246,-0.005314216375287,0.9973008701007468,0.6108000215710476,-0.1279053538338956,0.9973008701007468,0.5139447834116528,-0.0884103597970531,0.9973008701007468,0.5748502994011976,0.1497005988023951,
iemocap,43,3,16.0,5.6,0.8,29,581.2,0.4563187916702509,0.4409792680921136,0.4757194244604316,0.0999632340076308,-0.00204145142733,0.9973008701007468,0.0515663314623896,-0.003395955098848,0.9973008701007468,0.1286961642073727,-0.005051742167579,0.9973008701007468,0.0973813037827693,-0.0018551998085405,0.9973008701007468,0.6078669569375988,-0.0923617634855695,0.9973008701007468,0.335408948765419,-0.1462935385561714,0.9973008701007468,0.6359281437125748,0.2718562874251495,
iemocap,43,4,0.0,0.0,0.0,19,428.7,0.5560674490137103,0.5079160539509938,0.5152073732718894,0.168821199888696,-0.0038313357182627,0.9994846138022,0.1100628834335045,-0.0099242058085525,0.9994846138022,0.6814281940058193,-0.0017366717130297,0.9994846138022,0.2997389725625704,-0.0052397949903185,0.9994846138022,0.7412998011018969,-0.1572778578085912,0.9994846138022,0.7063777751472275,-0.0524412953260157,0.9994846138022,0.5828220858895705,0.165644171779141,
iemocap,43,4,0.5,0.175,0.025,39,605.8,0.560717808473925,0.5226134337395351,0.5235023041474655,0.0093064027114024,-0.0021794433195271,0.9994846138022,0.0290655915295628,-0.0077506324615682,0.9994846138022,0.6570599657781965,-0.0016743184417041,0.9994846138022,0.3715523942512441,-0.0014302602171393,0.9994846138022,0.6965103383628162,-0.1776991191883888,0.9994846138022,0.6850103533390026,-0.0836934632814961,0.9994846138022,0.5588957055214724,0.1177914110429447,
iemocap,43,4,1.0,0.35,0.05,24,515.4,0.5635639851408388,0.5242729866865523,0.5244239631336406,0.0520598242535387,-0.0046046293215981,0.9994846138022,0.0584986817594159,-0.0026357189657194,0.9994846138022,0.6652865400020632,-0.0023608249124528,0.9994846138022,0.464612305322673,-0.0015957859361185,0.9994846138022,0.733724721534635,-0.1686620324209206,0.9994846138022,0.718426702480105,-0.0504125695035498,0.9994846138022,0.5815950920245399,0.1631901840490797,
iemocap,43,4,2.0,0.7,0.1,22,482.5,0.518854134042966,0.4627591466381996,0.4691244239631336,0.1176362794158888,-0.0017961724361467,0.9994846138022,0.0789654295291799,-0.0062671081372055,0.9994846138022,0.6048090414744507,0.0042463920687284,0.9994846138022,0.4998848994585472,0.0067130576593595,0.9994846138022,0.7298552105263096,-0.1412141527512921,0.9994846138022,0.6775689468424904,-0.0390674960088276,0.9994846138022,0.5865030674846625,0.173006134969325,
iemocap,43,4,4.0,1.4,0.2,25,529.0,0.5204811114390124,0.4724784475928536,0.4820276497695852,0.1741608952173947,0.0004405881180794,0.9994846138022,0.1457375414197876,-0.0070043819199151,0.9994846138022,0.6269362671957037,0.0020563447596981,0.9994846138022,0.5617134666929204,-0.0023285982846782,0.9994846138022,0.6832215743783709,-0.1296722733022416,0.9994846138022,0.6611046894410937,-0.0652622262203356,0.9994846138022,0.6122699386503068,0.2245398773006135,
iemocap,43,4,8.0,2.8,0.4,37,603.1,0.5282938714249417,0.4929869274022106,0.4940092165898617,0.0491301771675051,-0.004966361682496,0.9994846138022,0.0467583754605838,-0.0041540694357621,0.9994846138022,0.6449157823012077,0.0003831890535627,0.9994846138022,0.6005554591610334,0.0054426757743175,0.9994846138022,0.7108890760849438,-0.1279924061629717,0.9994846138022,0.6855030287985807,-0.0639199916901059,0.9994846138022,0.5779141104294478,0.1558282208588957,
iemocap,43,4,16.0,5.6,0.8,31,607.9,0.5226583694019213,0.4795978262697086,0.4829493087557603,0.0594805840582106,-0.0032624207481602,0.9994846138022,0.0257591532068692,-0.008028299339898,0.9994846138022,0.5595478006993022,-0.0015946738919422,0.9994846138022,0.3960522017229206,-0.0001315098155693,0.9994846138022,0.692550100668653,-0.1370627717283908,0.9994846138022,0.6350271518665322,-0.0912567279751616,0.9994846138022,0.5754601226993865,0.150920245398773,
iemocap,43,5,0.0,0.0,0.0,27,561.0,0.5581845993214414,0.5440636316504504,0.5289719626168224,0.2098879559724862,-0.0118193714570177,0.9998765061155545,0.2369531420433537,-0.0046386135435839,0.9998765061155545,0.8884155775932835,-0.0058094098439157,0.9998765061155545,0.579436644069185,-0.0156246747317346,0.9998765061155545,0.9104292961256784,-0.1841166157410217,0.9998765061155545,0.8989309949592238,-0.0531132168708038,0.9998765061155545,0.7258566978193146,0.4517133956386292,
iemocap,43,5,0.5,0.175,0.025,35,613.9,0.5646935924885544,0.5660419309958877,0.5514018691588785,0.324948736353548,-0.0084600559320099,0.9998765061155545,0.2197147322912475,-0.0011336289577391,0.9998765061155545,0.8751581420667235,-1.87404994288487e-05,0.9998765061155545,0.3482251287734008,-0.0045382702522273,0.9998765061155545,0.9209096189442116,-0.1518803430668626,0.9998765061155545,0.8226155985333261,-0.0640091256904412,0.9998765061155545,0.7501557632398754,0.5003115264797509,
iemocap,43,5,1.0,0.35,0.05,33,617.0,0.5711641689151099,0.5576295884282736,0.5448598130841121,0.3282298412880716,-0.0068682481489393,0.9998765061155545,0.2702818602476554,-0.0039056718434155,0.9998765061155545,0.8720639426419208,-0.0068292621537343,0.9998765061155545,0.6738329692997188,-0.0078838945166491,0.9998765061155545,0.8983033205670413,-0.1490228795197116,0.9998765061155545,0.8743093183780075,-0.0576531367481895,0.9998765061155545,0.7638629283489097,0.5277258566978194,
iemocap,43,5,2.0,0.7,0.1,32,626.0,0.5477967468138056,0.5414435297322766,0.5233644859813084,0.2645571536019762,-0.0120342796333313,0.9998765061155545,0.2216959258603987,-0.0048023482379101,0.9998765061155545,0.8648056548606764,-0.008658570563092,0.9998765061155545,0.6048492329347074,-0.0036868271875162,0.9998765061155545,0.9112576440775682,-0.1411484947918574,0.9998765061155545,0.8840106455641044,-0.1015098730276932,0.9998765061155545,0.7713395638629283,0.5426791277258567,
iemocap,43,5,4.0,1.4,0.2,30,613.6,0.5508192182746662,0.5368829892319245,0.5214953271028038,0.265570556558407,-0.0078323606906595,0.9998765061155545,0.22877587076112,-0.0027962981849872,0.9998765061155545,0.6337588584053431,-0.0087724301097492,0.9998765061155545,0.4139684611022994,-0.0059491256760221,0.9998765061155545,0.8549594193813823,-0.1231279798750214,0.9998765061155545,0.7853907742729066,-0.054348893383609,0.9998765061155545,0.742056074766355,0.4841121495327101,
iemocap,43,5,8.0,2.8,0.4,32,618.5,0.5718248390679594,0.5549718809750139,0.5420560747663551,0.4242210219672596,-0.0008651577742192,0.9998765061155545,0.2300663731464634,0.0005591423224472,0.9998765061155545,0.8714548378933025,0.0045783706990653,0.9998765061155545,0.4155606378796787,-0.0013574504972094,0.9998765061155545,0.933331989483172,-0.1614766551825827,0.9998765061155545,0.9036847701293924,-0.0570347266251957,0.9998765061155545,0.761993769470405,0.52398753894081,
iemocap,43,5,16.0,5.6,0.8,10,316.1,0.4720838430743066,0.4505523788035234,0.4420560747663551,0.0909927464395841,-0.0031448667562669,0.9998765061155545,0.0817286536179302,0.0005559430823538,0.9998765061155545,0.1244414701750117,-0.0025275577221705,0.9998765061155545,0.1176887197294197,-0.0114669093697793,0.9998765061155545,0.7056294926160037,-0.0719603661661906,0.9998765061155545,0.5742861156382573,-0.0344811250321798,0.9998765061155545,0.6610591900311527,0.3221183800623053,
iemocap,44,1,0.0,0.0,0.0,14,348.7,0.5231530488041995,0.4783140196364707,0.4637809187279152,0.2326783229561305,-0.0032514977311903,0.9836697149306288,0.2772581953339428,-0.0065466141185918,0.9836697149306288,0.8166481252540579,-0.0026739260404822,0.9836697149306288,0.6052182264685915,-0.005971969394735,0.9836697149306288,0.8830062552816245,-0.1186313809909218,0.9836697149306288,0.8358095679224595,-0.0485695391523717,0.9836697149306288,0.6947058823529412,0.3894117647058823,
iemocap,44,1,0.5,0.175,0.025,17,400.8,0.5244465697854144,0.5282854985754251,0.5309187279151943,0.0906739553590282,-0.004102928491823,0.9836697149306288,0.2241654252371494,-0.0021187037029561,0.9836697149306288,0.72235876677456,-0.0039738721783417,0.9836697149306288,0.5286428035517532,-0.0060797552124343,0.9836697149306288,0.8826219064706059,-0.133440845753743,0.9836697149306288,0.8511053250058886,-0.0628569818838824,0.9836697149306288,0.6499999999999999,0.2999999999999998,
iemocap,44,1,1.0,0.35,0.05,14,352.5,0.5109609696037647,0.5082929235604291,0.4832155477031802,0.2982040465113647,-0.0042241989409369,0.9836697149306288,0.2216286062562794,-0.0039723018816524,0.9836697149306288,0.8098525407490247,-0.0050034266399803,0.9836697149306288,0.518728604151242,-0.0057240074331762,0.9836697149306288,0.9016410324286694,-0.1050847523369034,0.9836697149306288,0.8499008944871164,-0.0624355100091065,0.9836697149306288,0.6611764705882353,0.3223529411764705,
iemocap,44,1,2.0,0.7,0.1,29,578.9,0.5520990156817022,0.5343532244880447,0.5212014134275619,0.0885485153798084,-0.0060396660444586,0.9836697149306288,0.1433296718029113,-0.0052222401310979,0.9836697149306288,0.8109065423172663,-0.0054985120123438,0.9836697149306288,0.6686445194671999,-0.0113599334311494,0.9836697149306288,0.8962975861063225,-0.1165712928851567,0.9836697149306288,0.8295985163373178,-0.0451279364871477,0.9836697149306288,0.6564705882352941,0.3129411764705883,
iemocap,44,1,4.0,1.4,0.2,14,358.0,0.4956347418411859,0.4318332698859679,0.4187279151943462,0.1050076551019604,-0.0043592212985186,0.9836697149306288,0.0966259680105958,-0.0085067565908976,0.9836697149306288,0.6319614657119509,-0.0028361226802821,0.9836697149306288,0.450096436885627,-0.0035685888630505,0.9836697149306288,0.8124394121214368,-0.1011505546721502,0.9836697149306288,0.7482277946276704,-0.0506544409530387,0.9836697149306288,0.6347058823529411,0.2694117647058822,
iemocap,44,1,8.0,2.8,0.4,14,358.0,0.5297428093848386,0.4724688419199698,0.4593639575971731,0.0115785324124031,-0.005163484350839,0.9836697149306288,0.0014109478753503,-0.0165375898088331,0.9836697149306288,0.0458771631120938,-0.0006852579894209,0.9836697149306288,0.0455630263341062,-0.0051946941332983,0.9836697149306288,0.6691378632810727,-0.0629233811252389,0.9836697149306288,0.5609408598770474,-0.0611911158865499,0.9836697149306288,0.526470588235294,0.052941176470588,
iemocap,44,1,16.0,5.6,0.8,29,586.9,0.5174518838989252,0.5075076542115174,0.4911660777385159,0.0830981129551899,-0.0067048390708771,0.9836697149306288,0.1617883177292709,-0.0121859712071175,0.9836697149306288,0.6142314645631417,0.0005554609035763,0.9836697149306288,0.4391891727902053,-0.0036330692838996,0.9836697149306288,0.8297912047706248,-0.1157711260746814,0.9836697149306288,0.7378985916732939,-0.0504042611204864,0.9836697149306288,0.6229411764705882,0.2458823529411764,
iemocap,44,2,0.0,0.0,0.0,23,460.6,0.5268832193205645,0.5143460589785152,0.4991166077738516,0.0294665569802397,-0.0082169000388794,0.9910444329385492,0.0266485963074585,-0.0068795743770343,0.9910444329385492,0.1647146858746184,-0.0103465811205109,0.9910444329385492,0.1364552614487945,-0.0097511401675377,0.9910444329385492,0.5304746454718855,-0.1343946482585264,0.9910444329385492,0.4460582067729457,-0.0614491982847288,0.9910444329385492,0.5664705882352942,0.1329411764705883,
iemocap,44,2,0.5,0.175,0.025,35,582.4,0.5188807888120388,0.5216217138337671,0.5097173144876325,0.0299585012855385,-0.0026355680354006,0.9910444329385492,0.0286692493353418,-0.0031473566607095,0.9910444329385492,0.1154822697467071,-0.0057282772608111,0.9910444329385492,0.0696767463914094,-0.0109351923273813,0.9910444329385492,0.5156198697355034,-0.1300737091766092,0.9910444329385492,0.4532287491990503,-0.0927001222808908,0.9910444329385492,0.5788235294117647,0.1576470588235294,
iemocap,44,2,1.0,0.35,0.05,9,270.1,0.5153642461588352,0.494061530497492,0.4823321554770318,0.0297251092470706,-0.0045486897854726,0.9910444329385492,0.0295441213277658,-0.0121716999947515,0.9910444329385492,0.0564296506841985,-0.0085763504313323,0.9910444329385492,0.0687702143577,-0.0072406028264487,0.9910444329385492,0.4550860467385968,-0.0678975112421697,0.9910444329385492,0.3340348092083963,-0.0498941067991879,0.9910444329385492,0.5905882352941176,0.1811764705882352,
iemocap,44,2,2.0,0.7,0.1,7,250.5,0.5121625675957117,0.4854324890399939,0.4840989399293286,0.0212735765559046,-0.0064523871113011,0.9910444329385492,0.0261302822880308,-0.0086775426569545,0.9910444329385492,0.0606211393887051,-0.0098145729349347,0.9910444329385492,0.0580678341711103,-0.0079550806203737,0.9910444329385492,0.4389201065029023,-0.0612179924763499,0.9910444329385492,0.2876786886851802,-0.0342296970953445,0.9910444329385492,0.5623529411764705,0.124705882352941,
iemocap,44,2,4.0,1.4,0.2,21,464.6,0.5103800470129722,0.481874967183188,0.4752650176678445,0.0191790143798843,-0.0055532629381893,0.9910444329385492,0.02600954152693,-0.0121210600685671,0.9910444329385492,0.0179217524916498,-0.0048007953312376,0.9910444329385492,0.0179024380187301,-0.0045762064056041,0.9910444329385492,0.4155458923787759,-0.0726926770071981,0.9910444329385492,0.2965946535583537,-0.0378159539870294,0.9910444329385492,0.5700000000000001,0.1400000000000001,
iemocap,44,2,8.0,2.8,0.4,9,274.0,0.4996200949871763,0.4632426578303708,0.4673144876325088,0.0529164325287047,-0.0032472902759553,0.9910444329385492,0.0180308255641443,-0.0059817956785949,0.9910444329385492,0.0752905692417376,-0.0049122668548271,0.9910444329385492,0.0836660520497326,-0.0135303325142069,0.9910444329385492,0.4495599388601188,-0.0706417591504761,0.9910444329385492,0.2409346091959066,-0.0603474331248822,0.9910444329385492,0.6,0.1999999999999999,
iemocap,44,2,16.0,5.6,0.8,17,392.7,0.4876110574666106,0.4766788540552067,0.4726148409893993,0.0416310938013738,-0.0027869490812675,0.9910444329385492,0.0261198545208517,-0.0033048008057036,0.9910444329385492,0.0434292422328854,-0.0060005456504547,0.9910444329385492,0.0128171339456563,-0.0076220630504237,0.9910444329385492,0.4464599548455427,-0.0944308945742901,0.9910444329385492,0.3380894754918984,-0.0369087646669111,0.9910444329385492,0.5629411764705882,0.1258823529411763,
iemocap,44,3,0.0,0.0,0.0,30,571.0,0.4902903426821723,0.4976218244577491,0.4991007194244604,0.1322484808614009,-0.0056610024923342,0.9973008701007468,0.0494900060578665,-0.0076025492059632,0.9973008701007468,0.5216850164710032,-0.0068385054957018,0.9973008701007468,0.3935974363073568,-0.0037422476648731,0.9973008701007468,0.7734875424508612,-0.1648516404207098,0.9973008701007468,0.6600341957556197,-0.1059688556882563,0.9973008701007468,0.6311377245508982,0.2622754491017964,
iemocap,44,3,0.5,0.175,0.025,35,590.5,0.484309060471231,0.4985998378759487,0.4964028776978417,0.0831917876593946,-0.003557479979074,0.9973008701007468,0.111370702843235,-0.0092019179348195,0.9973008701007468,0.4488833052721004,-0.0064466634033826,0.9973008701007468,0.3592968059686644,-0.0016212442306726,0.9973008701007468,0.7207666861224077,-0.1569982983336766,0.9973008701007468,0.7096842596822319,-0.1050547545203384,0.9973008701007468,0.6221556886227545,0.244311377245509,
iemocap,44,3,1.0,0.35,0.05,37,608.4,0.4963374262183067,0.505266666874603,0.5152877697841727,0.2932859869686745,-0.0003476688903976,0.9973008701007468,0.2198237033032751,-0.0090178987995468,0.9973008701007468,0.386293906653756,-0.0028791788233921,0.9973008701007468,0.3296610254639074,-0.0048638172894783,0.9973008701007468,0.7177696455396374,-0.1899341557333442,0.9973008701007468,0.6972191580423208,-0.0579845314975067,0.9973008701007468,0.7502994011976047,0.5005988023952095,
iemocap,44,3,2.0,0.7,0.1,35,603.7,0.5136085260799732,0.5227515528360792,0.5242805755395683,0.2052378562280812,-0.0036965483583382,0.9973008701007468,0.2262183351805162,-0.0039843043621692,0.9973008701007468,0.4903684396105219,-0.0054084522698774,0.9973008701007468,0.3829783971741772,-0.0055968323398751,0.9973008701007468,0.6795685995018255,-0.1614546087875967,0.9973008701007468,0.6209165324884725,-0.0754121942962513,0.9973008701007468,0.7233532934131736,0.4467065868263471,
iemocap,44,3,4.0,1.4,0.2,34,601.6,0.4686480562787857,0.4760384851480772,0.4856115107913669,0.2881431914863307,-0.004922628922356,0.9973008701007468,0.248708783649627,-0.0025522731654794,0.9973008701007468,0.2536645228393723,-0.0042712500155384,0.9973008701007468,0.171174833378506,0.0008565513708646,0.9973008701007468,0.6375339546765418,-0.1290866625818481,0.9973008701007468,0.5469460753731769,-0.0604125015607841,0.9973008701007468,0.7616766467065867,0.5233532934131735,
iemocap,44,3,8.0,2.8,0.4,38,589.3,0.4545577396637862,0.4469116355475003,0.4757194244604316,0.2453445869151654,-0.0049712747160337,0.9973008701007468,0.1127339167178521,-0.0039381171165149,0.9973008701007468,0.2300501046268603,-0.0068133965001164,0.9973008701007468,0.1504132309438587,-0.0041150400859291,0.9973008701007468,0.6297260023175355,-0.1521811512781372,0.9973008701007468,0.5049148978258442,-0.0647319801514549,0.9973008701007468,0.7113772455089821,0.4227544910179641,
iemocap,44,3,16.0,5.6,0.8,36,587.7,0.4437621330062147,0.4421571012523899,0.4586330935251798,0.2700807043586497,-0.0026962397191132,0.9973008701007468,0.1194136478721018,-0.0086773407086,0.9973008701007468,0.2644241104031388,-0.0031146585631931,0.9973008701007468,0.1725751794291132,-0.0060882931532209,0.9973008701007468,0.5686242040216879,-0.1435441514343367,0.9973008701007468,0.5318639457425027,-0.0950844671762811,0.9973008701007468,0.7269461077844311,0.4538922155688623,
iemocap,44,4,0.0,0.0,0.0,14,362.7,0.5585200409316449,0.5070947325474727,0.5078341013824885,0.0737479558424909,-0.000139515771121,0.9994846138022,0.0836504504871015,-0.0027788588332607,0.9994846138022,0.5753291008409513,-0.0040926161826601,0.9994846138022,0.4095137392689006,-0.0063937909972061,0.9994846138022,0.631261322958252,-0.1249734745960343,0.9994846138022,0.6152355780910803,-0.0671636175437989,0.9994846138022,0.6392638036809816,0.2785276073619631,
iemocap,44,4,0.5,0.175,0.025,26,559.9,0.5547974755240601,0.5206507028927281,0.5179723502304148,0.0328132821887441,-0.0006354821368953,0.9994846138022,0.0397853986308753,-0.0042287462413089,0.9994846138022,0.5664020381052071,-0.0019139957116064,0.9994846138022,0.3074587985303303,-0.0065517220940886,0.9994846138022,0.6158778322723282,-0.1624619237432941,0.9994846138022,0.6064496411747076,-0.0594526727302447,0.9994846138022,0.5282208588957056,0.0564417177914111,
iemocap,44,4,1.0,0.35,0.05,35,622.4,0.5572413183777922,0.5261012248509619,0.5244239631336406,0.0349315228475561,-0.0031426272276763,0.9994846138022,0.0460928166063429,-0.0018571842245819,0.9994846138022,0.5793320704866445,-0.0054408137259546,0.9994846138022,0.3566019230523081,-0.0069186852692805,0.9994846138022,0.6213262775116238,-0.169026001930839,0.9994846138022,0.6097560078911028,-0.0688087313268733,0.9994846138022,0.5748466257668712,0.1496932515337423,
iemocap,44,4,2.0,0.7,0.1,38,607.2,0.5537866721602684,0.5245417483742774,0.5207373271889401,0.0198573565881079,-0.0022766011868894,0.9994846138022,0.0963171936556608,-0.0027750657767505,0.9994846138022,0.6257622581417237,-0.0017957168226016,0.9994846138022,0.5684831616285669,-0.0042696138178169,0.9994846138022,0.6957745194174951,-0.1568170481352372,0.9994846138022,0.6893858062802467,-0.0933416651136002,0.9994846138022,0.5711656441717791,0.1423312883435581,
iemocap,44,4,4.0,1.4,0.2,36,607.2,0.5171332053650961,0.4781291461448741,0.480184331797235,0.0387286051186029,0.0015112255814476,0.9994846138022,0.0740294066636669,-0.002738810244851,0.9994846138022,0.5563723956255731,-0.0055274028280395,0.9994846138022,0.3250228596388592,-0.0078912181434821,0.9994846138022,0.6442339238599601,-0.1422391881971235,0.9994846138022,0.603598681363567,-0.0783477638682071,0.9994846138022,0.5613496932515337,0.1226993865030674,
iemocap,44,4,8.0,2.8,0.4,24,492.1,0.5319337153403375,0.49375297972862,0.488479262672811,0.047785481941306,-0.0014254245490069,0.9994846138022,0.0318517799515961,-6.281583402323321e-05,0.9994846138022,0.3566033998102987,-0.0035211197095571,0.9994846138022,0.2992046815164492,-0.0127564467705197,0.9994846138022,0.5227052838145483,-0.133645396044722,0.9994846138022,0.4648342121388781,-0.0521418628703543,0.9994846138022,0.5570552147239264,0.1141104294478527,
iemocap,44,4,16.0,5.6,0.8,31,521.8,0.5096448407665171,0.4650918288484792,0.4663594470046083,0.073286981957568,-0.0018346049179137,0.9994846138022,0.0597117569464741,-0.0080623276293229,0.9994846138022,0.524025978881031,-0.0030672876959704,0.9994846138022,0.4887006583477447,-0.0044161987793552,0.9994846138022,0.6597202042062564,-0.0826135557154618,0.9994846138022,0.6026129245259637,-0.0631834578919806,0.9994846138022,0.6153374233128834,0.2306748466257668,
iemocap,44,5,0.0,0.0,0.0,37,515.2,0.5651762765951154,0.5536176852699786,0.5467289719626168,0.285957162525423,-0.0033864100547095,0.9998765061155545,0.2277453716551076,-0.009096437536271,0.9998765061155545,0.8661423002547062,-0.0056778734350234,0.9998765061155545,0.5972051043811308,-0.0059820177365276,0.9998765061155545,0.9511233942977808,-0.172996593357514,0.9998765061155545,0.9057890345708828,-0.0745631287095182,0.9998765061155545,0.7445482866043613,0.4890965732087227,
iemocap,44,5,0.5,0.175,0.025,37,508.7,0.5757965524559424,0.564356367363111,0.5607476635514018,0.2546481822255385,-0.0024999294401385,0.9998765061155545,0.2223753738185357,-0.0086729424487045,0.9998765061155545,0.8148354848869652,-0.0088348054212573,0.9998765061155545,0.6317254431115866,-0.0123233717775236,0.9998765061155545,0.9141635978067856,-0.1801269749093369,0.9998765061155545,0.8863873587723781,-0.0783786857916634,0.9998765061155545,0.7283489096573209,0.4566978193146418,
iemocap,44,5,1.0,0.35,0.05,38,506.0,0.5778532696487639,0.5748561478092584,0.5663551401869159,0.2926488064450639,-0.0056214794663128,0.9998765061155545,0.224793442562218,-0.0054090590924634,0.9998765061155545,0.7808091643374396,-0.0051054365521189,0.9998765061155545,0.5969100502672944,-0.0045635103416753,0.9998765061155545,0.8978398068791047,-0.1741905745431947,0.9998765061155545,0.86614397253593,-0.0895189980651672,0.9998765061155545,0.7333333333333334,0.4666666666666668,
iemocap,44,5,2.0,0.7,0.1,38,500.4,0.573997350998066,0.5598326600577104,0.5514018691588785,0.2094117472681899,-0.0065267534655523,0.9998765061155545,0.1898177197544985,-0.005259222737909,0.9998765061155545,0.8161818258827487,-0.0044861968361712,0.9998765061155545,0.380720796862207,-0.0090842355852035,0.9998765061155545,0.8846092239981416,-0.1955033410324779,0.9998765061155545,0.8594763510080213,-0.0641085479274984,0.9998765061155545,0.7183800623052958,0.4367601246105916,
iemocap,44,5,4.0,1.4,0.2,34,471.8,0.5498884240708496,0.5338194288622513,0.5289719626168224,0.2580166504653414,-0.0072862710922135,0.9998765061155545,0.2135920317735826,-0.0024096555685625,0.9998765061155545,0.7939464034193249,-0.0025593966989018,0.9998765061155545,0.4191412047121852,-0.0023491439757609,0.9998765061155545,0.8825332299979759,-0.179730233909216,0.9998765061155545,0.8805670684843449,-0.0931971423854925,0.9998765061155545,0.7582554517133956,0.5165109034267912,
iemocap,44,5,8.0,2.8,0.4,35,453.9,0.5712315802805239,0.5495441686016664,0.5411214953271029,0.2672402498391757,-0.0078962596281243,0.9998765061155545,0.2186988691390993,-0.01183439086624,0.9998765061155545,0.7651327210916058,-0.0042958371365716,0.9998765061155545,0.4175449287088938,-0.0057904434088612,0.9998765061155545,0.8696467670338477,-0.2105669464854865,0.9998765061155545,0.8518959785806371,-0.083603220597806,0.9998765061155545,0.7457943925233644,0.4915887850467288,
iemocap,44,5,16.0,5.6,0.8,38,435.2,0.5437639041835929,0.5237865838904638,0.516822429906542,0.3262932673074664,-0.0051489632306044,0.9998765061155545,0.3085144069631811,-0.0078797818318373,0.9998765061155545,0.7253385727580641,-0.0030146863425001,0.9998765061155545,0.559261935517753,-0.0049658699671958,0.9998765061155545,0.8111273395023021,-0.1443975757548331,0.9998765061155545,0.7714564060612716,-0.0521406819376039,0.9998765061155545,0.7850467289719626,0.5700934579439252,
iemocap,42,1,32.0,11.2,1.6,27,545.2,0.4321694265112297,0.3623689654126211,0.3507067137809187,0.2781739765472609,-0.0051701323990831,0.9836697149306288,0.1832463680456383,-0.0047934211743118,0.9836697149306288,0.2301270309332311,-0.0084978286383569,0.9836697149306288,0.2833527551896481,-0.0026574627392644,0.9836697149306288,0.7023922813474041,-0.0954384934343119,0.9836697149306288,0.6037509130496339,-0.0725642583717294,0.9836697149306288,0.7617647058823529,0.5235294117647058,False
iemocap,42,1,64.0,22.4,3.2,7,258.5,0.2563094979994875,0.1340976249654791,0.2314487632508834,0.2914270620421634,-0.0055654959534611,0.9836697149306288,0.2408556245584548,-0.0069920419808093,0.9836697149306288,0.3824300187205585,-0.0084936424304639,0.9836697149306288,0.3834741111935874,-0.0047694624888199,0.9836697149306288,0.6297785195369379,-0.0431826110905477,0.9836697149306288,0.5797937113880771,-0.0390359791074292,0.9836697149306288,0.5676470588235294,0.1352941176470588,False
iemocap,42,2,32.0,11.2,1.6,35,600.2,0.5013861641851838,0.4431160466109989,0.469964664310954,0.0268709726010226,-0.0065501473918047,0.9910444329385492,0.0226763309828736,-0.0044452971080575,0.9910444329385492,0.0097494834042691,-0.0045330488852058,0.9910444329385492,0.0065450080068704,-0.0031578606101412,0.9910444329385492,0.5114762578027592,-0.0968375241175808,0.9910444329385492,0.2405020771022267,-0.0490524722310062,0.9910444329385492,0.6070588235294119,0.2141176470588237,False
iemocap,42,2,64.0,22.4,3.2,15,385.0,0.2869967793880837,0.1812283744342456,0.2782685512367491,0.0440276249275763,-0.0033201172586094,0.9910444329385492,0.0375643134426484,-0.0010655135420046,0.9910444329385492,0.0468644129986419,-0.0055494971666142,0.9910444329385492,0.0860531745226447,-0.0025164713559313,0.9910444329385492,0.3198235481349072,-0.046254311211776,0.9910444329385492,0.1790078424038873,-0.0750739604809834,0.9910444329385492,0.5623529411764705,0.124705882352941,False
iemocap,42,3,32.0,11.2,1.6,13,362.5,0.4581167985829883,0.4481778266107927,0.4838129496402877,0.1110441579111638,-0.0098494167080489,0.9973008701007468,0.0644824293163869,-0.0103591323509533,0.9973008701007468,0.0371516401706211,-0.0059331427287796,0.9973008701007468,0.0614339699408282,-0.0101359292367924,0.9973008701007468,0.6444738353689481,-0.1181662025262411,0.9973008701007468,0.5241803513328258,-0.109612048292035,0.9973008701007468,0.6538922155688622,0.3077844311377244,False
iemocap,42,3,64.0,22.4,3.2,8,283.9,0.4072969500001706,0.4046638812717528,0.4370503597122302,0.0991446474662757,-0.004536030021256,0.9973008701007468,0.0348329257397842,-0.0115962142379508,0.9973008701007468,0.1214546513599731,-0.0072787576538853,0.9973008701007468,0.0804006037782466,-0.0064118060871645,0.9973008701007468,0.5863377749618196,-0.079802587922348,0.9973008701007468,0.3369310375502704,-0.0956087046010214,0.9973008701007468,0.5395209580838324,0.0790419161676647,False
iemocap,42,4,32.0,11.2,1.6,16,392.7,0.3416060965660461,0.2174977416440831,0.3105990783410138,0.1110846131413043,-0.0062043192783202,0.9994846138022,0.085957515462,-0.0039675118304643,0.9994846138022,0.1299038728197309,-0.0032809506688765,0.9994846138022,0.1098434386399457,-0.0018352326443819,0.9994846138022,0.4146820481545468,-0.0449221205040296,0.9994846138022,0.2744679800274139,-0.0304066061294475,0.9994846138022,0.6288343558282208,0.2576687116564415,False
iemocap,42,4,64.0,22.4,3.2,3,203.7,0.2621775941692061,0.178011529256186,0.2497695852534562,0.0855037133283886,-0.0010874481487194,0.9994846138022,0.0882088556200759,-0.0060719843756641,0.9994846138022,0.1250452721486666,-0.0029877875807672,0.9994846138022,0.0998788581974724,-0.0029523736072326,0.9994846138022,0.4719630466822043,-0.0591767406686126,0.9994846138022,0.3787592112862462,-0.0410011097311794,0.9994846138022,0.6147239263803681,0.2294478527607362,False
iemocap,42,5,32.0,11.2,1.6,27,568.7,0.5122179966828736,0.4841600606441213,0.4803738317757009,0.1831034644227757,-0.0020618777516568,0.9998765061155545,0.1664468030309356,-0.0033207711462489,0.9998765061155545,0.1026329652110739,-0.006466312466801,0.9998765061155545,0.1240952864404995,0.0005431589728263,0.9998765061155545,0.7798282889719398,-0.1217391243846904,0.9998765061155545,0.6744951056837523,-0.061125094100653,0.9998765061155545,0.7127725856697819,0.4255451713395637,False
iemocap,42,5,64.0,22.4,3.2,11,326.3,0.2604351475609989,0.1967939633524775,0.3186915887850467,0.3206970006056034,-0.0029640702018455,0.9998765061155545,0.2998869468435771,-0.0012210027495326,0.9998765061155545,0.0711347475393247,-0.0016891720876105,0.9998765061155545,0.2355743434410371,-0.0131324133691533,0.9998765061155545,0.7102240542748317,-0.0567962630928756,0.9998765061155545,0.6227298277993241,-0.0541845290198518,0.9998765061155545,0.5906542056074765,0.181308411214953,False
iemocap,43,1,32.0,11.2,1.6,20,448.8,0.4945921747272396,0.4743208065960036,0.4540636042402827,0.0199738560049392,-0.0038282131086321,0.9836697149306288,0.0090692574411131,-0.007643704206804,0.9836697149306288,0.1152962575874971,-0.0039578376296984,0.9836697149306288,0.0963533809407781,-0.0065719585375886,0.9836697149306288,0.681155564692703,-0.0644698931561107,0.9836697149306288,0.489726146073442,-0.0395982860127726,0.9836697149306288,0.5111764705882352,0.0223529411764704,False
iemocap,43,1,64.0,22.4,3.2,23,494.4,0.2808646358051449,0.2239210102612164,0.3833922261484099,0.3577972966583718,0.0003854121687393,0.9836697149306288,0.3105896903609336,0.0020600481956631,0.9836697149306288,0.3732969630157542,-0.0026997725959498,0.9836697149306288,0.2816379811668643,-0.0064605840411759,0.9836697149306288,0.7036383210832033,-0.0335276872528913,0.9836697149306288,0.6118952941525113,-0.0634944523085903,0.9836697149306288,0.6464705882352941,0.2929411764705882,False
iemocap,43,2,32.0,11.2,1.6,14,362.2,0.4715055705323234,0.4187949143321813,0.4381625441696113,0.0373062447011114,-0.005580736096959,0.9910444329385492,0.0051480309273338,-0.0099315699801957,0.9910444329385492,0.0496205774015195,-0.0052503020674161,0.9910444329385492,0.0518557055533849,-0.0123519225603824,0.9910444329385492,0.3080478015843755,-0.0620887161789659,0.9910444329385492,0.189499769173378,-0.0514058615204978,0.9910444329385492,0.5629411764705883,0.1258823529411765,False
iemocap,43,2,64.0,22.4,3.2,21,466.2,0.4780786663831518,0.4150730372273624,0.4469964664310954,0.055928469845451,-0.004326954287978,0.9910444329385492,0.0453261666518052,-0.0076362905090774,0.9910444329385492,0.0754086725413873,-0.0033196352822216,0.9910444329385492,0.093779934427344,-0.0069408032389941,0.9910444329385492,0.3486652542696377,-0.0828664910273578,0.9910444329385492,0.217585333506812,-0.052384095173218,0.9910444329385492,0.5864705882352942,0.1729411764705883,False
iemocap,43,3,32.0,11.2,1.6,33,595.8,0.4721783561767421,0.4521306704781362,0.4820143884892086,0.008595844823282,-0.005037220798377,0.9973008701007468,0.0266691704186413,-0.0018839974714089,0.9973008701007468,0.0415907470797192,-0.0050225231588192,0.9973008701007468,0.0292989339653489,-0.0047382812911767,0.9973008701007468,0.5533691607369478,-0.0871388296960637,0.9973008701007468,0.2785132521021872,-0.1110134528585646,0.9973008701007468,0.5035928143712576,0.0071856287425151,False
iemocap,43,3,64.0,22.4,3.2,3,193.5,0.2778820095893267,0.1998606549218672,0.3129496402877698,0.0882187920872425,-0.0036920908164248,0.9973008701007468,0.0184584580310183,-0.0052023634621816,0.9973008701007468,0.117223292398792,-0.0068550234188011,0.9973008701007468,0.0951814297497286,-0.0036600220605753,0.9973008701007468,0.5780187445188141,-0.032411210026882,0.9973008701007468,0.312158185952697,-0.0678199858619772,0.9973008701007468,0.5868263473053892,0.1736526946107783,False
iemocap,43,4,32.0,11.2,1.6,2,187.5,0.2667525773195876,0.1183150491082061,0.2230414746543778,0.0456235169231935,-0.0009776151659958,0.9994846138022,0.0200125351896685,-0.0045635176273169,0.9994846138022,0.0605668215336252,-0.0046908723559583,0.9994846138022,0.0597804212033479,-0.0074240544702822,0.9994846138022,0.4059614499589714,-0.0411717976520268,0.9994846138022,0.2809828580269763,-0.0233078689010411,0.9994846138022,0.5122699386503068,0.0245398773006135,False
iemocap,43,4,64.0,22.4,3.2,38,587.7,0.4182003717384666,0.2948691719371075,0.3354838709677419,0.0645229082879377,-0.0001079053590976,0.9994846138022,0.0455076457995976,-0.0033239804190469,0.9994846138022,0.0481976225504546,0.0021720079989213,0.9994846138022,0.0445255849844408,-0.0047878032557492,0.9994846138022,0.3771821178856468,-0.0812323121673402,0.9994846138022,0.2823796026313482,-0.0283887056608415,0.9994846138022,0.5730061349693251,0.1460122699386501,False
iemocap,43,5,32.0,11.2,1.6,10,311.7,0.5054529144022171,0.468976108426592,0.4579439252336448,0.1670999724217692,-0.0047979862258563,0.9998765061155545,0.170797801578505,-0.0119616967833576,0.9998765061155545,0.1266776447283123,-0.008268551075646,0.9998765061155545,0.1173736955782178,-0.0038666574476636,0.9998765061155545,0.7203059604310591,-0.0678994978039254,0.9998765061155545,0.5992430639296206,-0.0082069861135084,0.9998765061155545,0.7021806853582555,0.404361370716511,False
iemocap,43,5,64.0,22.4,3.2,31,582.3,0.5205151750823194,0.4590983275137931,0.4644859813084112,0.1495907149806393,0.0006103813729025,0.9998765061155545,0.1466787311054018,-0.0086413015656813,0.9998765061155545,0.0937556451321041,-0.0033554717124751,0.9998765061155545,0.1643322223988021,-0.010074244995102,0.9998765061155545,0.748964859026795,-0.0580430775804318,0.9998765061155545,0.6309173124527969,-0.0051540335740668,0.9998765061155545,0.6984423676012461,0.3968847352024922,False
iemocap,44,1,32.0,11.2,1.6,35,547.6,0.4648417273044807,0.3731529225357077,0.3674911660777385,0.165412511037532,-0.0029952126213196,0.9836697149306288,0.10640292999064,-0.008420945677376,0.9836697149306288,0.3404921481710516,-0.0014712667397612,0.9836697149306288,0.3148569969828543,-0.0074225597300935,0.9836697149306288,0.6648863971588137,-0.0788702500649443,0.9836697149306288,0.5573472263466868,-0.0458513621495175,0.9836697149306288,0.5841176470588235,0.168235294117647,False
iemocap,44,1,64.0,22.4,3.2,25,490.8,0.2726454014140297,0.215823783521986,0.3878091872791519,0.310756953496647,-0.0039632727744622,0.9836697149306288,0.2648728889213634,-0.0077762074591393,0.9836697149306288,0.3104995410600983,-0.0055352348603133,0.9836697149306288,0.2808273444604903,-0.0017943054479009,0.9836697149306288,0.6468074222615383,-0.0554596936352436,0.9836697149306288,0.5828971922269925,-0.0562990535138883,0.9836697149306288,0.758235294117647,0.516470588235294,False
iemocap,44,2,32.0,11.2,1.6,17,392.0,0.4607499816734851,0.4549068620277144,0.4434628975265017,0.0350584032228763,-0.00105160088367,0.9910444329385492,0.021308775662268,-0.0049190262207782,0.9910444329385492,0.0099224254211311,-0.0057650011345298,0.9910444329385492,0.0025467444691312,-0.0052125137036573,0.9910444329385492,0.3824921775283111,-0.0896595938439027,0.9910444329385492,0.2687512388937154,-0.0625527840064944,0.9910444329385492,0.5541176470588235,0.1082352941176469,False
iemocap,44,2,64.0,22.4,3.2,17,393.8,0.4481709106505936,0.3498169286979933,0.3913427561837456,0.0450392522602028,-0.0053616695340256,0.9910444329385492,0.0457300582010378,-0.0066604707009055,0.9910444329385492,0.0404150912461042,-0.0083141778273254,0.9910444329385492,0.0495182754689584,-0.0108175102622881,0.9910444329385492,0.4152229347149703,-0.0459736432395599,0.9910444329385492,0.2632465578613453,-0.0526156497305351,0.9910444329385492,0.5494117647058824,0.0988235294117647,False
iemocap,44,3,32.0,11.2,1.6,39,527.3,0.4469330762351131,0.4141337759888289,0.4424460431654676,0.1361929013997308,-0.0046882759570476,0.9973008701007468,0.1275386000014073,-0.0057869862971726,0.9973008701007468,0.4298171989166084,-0.0041590777593036,0.9973008701007468,0.3411336272405167,-0.0026690205863452,0.9973008701007468,0.6711755234599373,-0.1137396703534567,0.9973008701007468,0.5491749853261646,-0.1008490526858048,0.9973008701007468,0.6808383233532934,0.3616766467065868,False
iemocap,44,3,64.0,22.4,3.2,40,525.5,0.448171875656443,0.3994891201618958,0.4352517985611511,0.030600923154884,-0.0087777136794655,0.9973008701007468,0.0232150625218515,-0.0135255204728503,0.9973008701007468,0.0907416517875179,-0.0088637231938033,0.9973008701007468,0.0793208227206898,-0.0159752931663701,0.9973008701007468,0.4398982523245006,-0.0716924277758748,0.9973008701007468,0.2035766453907627,-0.1008822287755222,0.9973008701007468,0.5970059880239521,0.1940119760479042,False
iemocap,44,4,32.0,11.2,1.6,38,514.5,0.4930538705318552,0.4221790789558226,0.4368663594470046,0.0626866406217868,-0.0001724419260371,0.9994846138022,0.0338387237272777,0.0014559777703246,0.9994846138022,0.5263961482663368,-0.0034619846156068,0.9994846138022,0.4177262043638655,-0.0088626691570116,0.9994846138022,0.6986220443512708,-0.0865533519504985,0.9994846138022,0.6026123862785999,-0.0524167544597146,0.9994846138022,0.5539877300613496,0.1079754601226992,False
iemocap,44,4,64.0,22.4,3.2,2,189.8,0.2903442065934881,0.1676473507259613,0.2331797235023041,0.0598839322777288,-0.0031509519475431,0.9994846138022,0.062716616373761,-0.0002713879104837,0.9994846138022,0.0542706773990512,-0.0015644659655916,0.9994846138022,0.0275568422769276,-0.0041423238992331,0.9994846138022,0.4590569623358154,-0.0412479783503959,0.9994846138022,0.3206442360138717,-0.058324023605038,0.9994846138022,0.6055214723926381,0.2110429447852762,False
iemocap,44,5,32.0,11.2,1.6,34,461.3,0.5599163403552327,0.5327188091769647,0.5271028037383177,0.2492696869013725,-0.0030646634978402,0.9998765061155545,0.1600903216033717,-0.0024181595882591,0.9998765061155545,0.7259610211926548,-0.0065385506188874,0.9998765061155545,0.5869681871802757,-0.0057190020297542,0.9998765061155545,0.8621526371854489,-0.1647036024706888,0.9998765061155545,0.8228198605241508,-0.0845982199794163,0.9998765061155545,0.7451713395638629,0.4903426791277259,False
iemocap,44,5,64.0,22.4,3.2,14,259.5,0.3628019925280199,0.2392198266281395,0.3168224299065421,0.2678102966527363,-0.0020715382956489,0.9998765061155545,0.1443911271203309,-0.0038127037399061,0.9998765061155545,0.2289685085922914,-0.0026845253302371,0.9998765061155545,0.2709379396388518,-0.0051037532218408,0.9998765061155545,0.7836021497096101,-0.0661430817232487,0.9998765061155545,0.6461525810976001,-0.0684531161967868,0.9998765061155545,0.7345794392523364,0.4691588785046727,False
