dataset,seed,fold,kappa,input_cmn,lambda_aff_spk_adv,lambda_orth,best_epoch,train_seconds,test_uar,test_macro_f1,test_acc,c_aff_rep_linear_mi_lb_bits,c_aff_rep_linear_control_bits,c_aff_rep_linear_entropy_bits,c_aff_rep_mlp_mi_lb_bits,c_aff_rep_mlp_control_bits,c_aff_rep_mlp_entropy_bits,c_style_rep_linear_mi_lb_bits,c_style_rep_linear_control_bits,c_style_rep_linear_entropy_bits,c_style_rep_mlp_mi_lb_bits,c_style_rep_mlp_control_bits,c_style_rep_mlp_entropy_bits,h_linear_mi_lb_bits,h_linear_control_bits,h_linear_entropy_bits,h_mlp_mi_lb_bits,h_mlp_control_bits,h_mlp_entropy_bits,c_aff_probe_acc,c_aff_leakage_index
ravdess,42,1,0.0,False,0.0,0.0,17,119.6,0.359375,0.2814561269975963,0.36,0.4187123622535589,-0.0417642229295767,2.321928094887362,0.1301577523886945,-0.029045169720975,2.321928094887362,0.9456619614333396,-0.0458955639167233,2.321928094887362,0.4714589821806909,-0.0127552636038004,2.321928094887362,1.5353281154774,-0.6852845689110216,2.321928094887362,1.1237891573429415,-0.210725777229801,2.321928094887362,0.4022222222222222,0.2527777777777777
ravdess,42,1,0.5,False,0.175,0.025,31,174.5,0.40625,0.3193673533171587,0.3933333333333333,0.3369308858535718,-0.045040458590889,2.321928094887362,0.1145441915743514,-0.0326921152040715,2.321928094887362,0.9748031784153036,0.0057793209019614,2.321928094887362,0.4504853653646765,-0.0167196216406964,2.321928094887362,1.5510674173730687,-0.797691877219266,2.321928094887362,1.2903413505954928,-0.2996590640586416,2.321928094887362,0.3733333333333333,0.2166666666666666
ravdess,42,1,1.0,False,0.35,0.05,33,173.9,0.4,0.3302165678524374,0.3866666666666666,0.1876103091899326,-0.0495890884060772,2.321928094887362,0.0949860066034822,-0.0300478630826503,2.321928094887362,0.7619532724600122,-0.0455996874348056,2.321928094887362,0.3792298190278398,-0.0447834785498928,2.321928094887362,1.6538867800109442,-0.9423964286657912,2.321928094887362,0.9011726701819692,-0.2977543673495093,2.321928094887362,0.3644444444444444,0.2055555555555555
ravdess,42,1,2.0,False,0.7,0.1,36,173.3,0.38125,0.3057900973451138,0.3733333333333333,0.2907980416728812,-0.0315441420959698,2.321928094887362,0.1017572671930477,-0.0056498800654289,2.321928094887362,0.8523354537669376,-0.020031385504887,2.321928094887362,0.5929990014239988,-0.0223190261041641,2.321928094887362,1.5462975290393004,-0.7679761596632297,2.321928094887362,1.1015823500205166,-0.325399526625802,2.321928094887362,0.36,0.1999999999999999
ravdess,42,1,4.0,False,1.4,0.2,30,173.3,0.33125,0.2735474621413015,0.3433333333333333,0.2345002164106802,-0.0549629482332969,2.321928094887362,0.0987752011250062,-0.0052477677264479,2.321928094887362,0.4684915989311009,-0.0473468235761251,2.321928094887362,0.2649194874965306,-0.0285890769447183,2.321928094887362,1.3915279556857958,-0.7112506929350029,2.321928094887362,0.877872750273768,-0.1696686697560059,2.321928094887362,0.3644444444444444,0.2055555555555555
ravdess,42,1,8.0,False,2.8,0.4,25,155.0,0.3375,0.2916506741303405,0.3566666666666667,0.1712658360527532,-0.0397740813012257,2.321928094887362,0.0763355527089104,-0.0261469599763439,2.321928094887362,0.4964269454354872,-0.0470562864718022,2.321928094887362,0.1355311786228532,-0.018860592325181,2.321928094887362,1.5245723966707636,-0.8151993681600689,2.321928094887362,1.0488129711386218,-0.2210070432900366,2.321928094887362,0.3644444444444444,0.2055555555555555
ravdess,42,1,16.0,False,5.6,0.8,38,173.1,0.275,0.2073321342925659,0.2933333333333333,0.2639272734781279,-0.0362235407839963,2.321928094887362,0.018561806386407,-0.0314542499923189,2.321928094887362,0.6379329998517649,-0.0460942186657167,2.321928094887362,0.41831845161162,-0.0255034960471007,2.321928094887362,1.3728032068386111,-0.6807872270702733,2.321928094887362,0.8565992445601447,-0.2622550269061392,2.321928094887362,0.3288888888888889,0.1611111111111111
ravdess,42,2,0.0,False,0.0,0.0,8,81.1,0.271875,0.1730045641160028,0.2433333333333333,0.7248777016658796,-0.0703872719855875,2.321928094887362,0.4009296832548392,-0.043782254468085,2.321928094887362,1.1045562867266774,-0.0453288456377958,2.321928094887362,0.6742023305503408,-0.0286942411796702,2.321928094887362,1.7529256930723145,-0.3401889669684355,2.321928094887362,1.3042801765271428,-0.221411720028672,2.321928094887362,0.5155555555555555,0.3944444444444444
ravdess,42,2,0.5,False,0.175,0.025,28,165.3,0.325,0.263091136852059,0.3066666666666666,0.4691301245489574,-0.0618900498991359,2.321928094887362,0.2304197105403287,-0.0637432607965036,2.321928094887362,1.197051293729562,-0.0599197769195747,2.321928094887362,0.6337944197635694,-0.0605852527700712,2.321928094887362,1.7628301305326084,-0.8839266689307865,2.321928094887362,1.5764234164895092,-0.2636247778127427,2.321928094887362,0.4266666666666666,0.2833333333333332
ravdess,42,2,1.0,False,0.35,0.05,35,172.9,0.35625,0.3071837187979979,0.35,0.5047672270343757,-0.0670547553324207,2.321928094887362,0.2235254640446005,-0.0472370414900771,2.321928094887362,1.1568353773642224,-0.0316829656427821,2.321928094887362,0.6830010497478289,-0.0495252978192546,2.321928094887362,1.8209611836801285,-0.8829425621854026,2.321928094887362,1.554367172833867,-0.209027509121972,2.321928094887362,0.4,0.25
ravdess,42,2,2.0,False,0.7,0.1,27,161.1,0.353125,0.2946185727281105,0.34,0.5707507279405031,-0.0635784798264516,2.321928094887362,0.2750973645849592,-0.046561365603122,2.321928094887362,1.053685002872721,-0.0374487066103115,2.321928094887362,0.4898465946970667,-0.0460697589740344,2.321928094887362,1.7578962396117213,-0.6400199109779208,2.321928094887362,1.4683145038232663,-0.2269755339064549,2.321928094887362,0.4399999999999999,0.2999999999999999
ravdess,42,2,4.0,False,1.4,0.2,37,173.0,0.36875,0.3365568427494341,0.3633333333333333,0.5634645044741191,-0.0808176339412956,2.321928094887362,0.2063942561907596,-0.043762717337644,2.321928094887362,0.923088263647642,-0.0323369812203595,2.321928094887362,0.3221393833288393,-0.0315357935472322,2.321928094887362,1.8324179976502015,-0.7985347191729564,2.321928094887362,1.4498471234226322,-0.3988468811722039,2.321928094887362,0.4622222222222222,0.3277777777777777
ravdess,42,2,8.0,False,2.8,0.4,19,120.6,0.2125,0.1207319627298631,0.16,0.6717548880918898,-0.0451340285066494,2.321928094887362,0.3031488438139318,-0.070872874077974,2.321928094887362,0.9641054577258564,-0.0363576777508498,2.321928094887362,0.4900118774859527,-0.0536805663671722,2.321928094887362,1.705602446528355,-0.5542464906712139,2.321928094887362,1.4525358042867351,-0.3323227298246496,2.321928094887362,0.4222222222222221,0.2777777777777777
ravdess,42,2,16.0,False,5.6,0.8,11,86.3,0.14375,0.0651983987925411,0.1533333333333333,0.695934793591177,-0.0598476894116237,2.321928094887362,0.2801722666509656,-0.0502563143073619,2.321928094887362,0.8863572433501181,-0.0389829307071698,2.321928094887362,0.5232764940929315,-0.0498680071923489,2.321928094887362,1.7867217213119375,-0.4579369071300214,2.321928094887362,1.3469812983078715,-0.2771054855993342,2.321928094887362,0.3511111111111111,0.1888888888888888
ravdess,42,3,0.0,False,0.0,0.0,10,82.4,0.284375,0.2043357996167353,0.2866666666666667,0.2637623618702012,-0.0490795428747161,2.321928094887362,0.0659749172594823,-0.0364761845417791,2.321928094887362,0.655409421592996,-0.0771442248658527,2.321928094887362,0.4585672502821285,-0.0501354840407333,2.321928094887362,1.7049795723593073,-0.6434297837098786,2.321928094887362,1.09077046825285,-0.2935597740929996,2.321928094887362,0.3488888888888889,0.1861111111111111
ravdess,42,3,0.5,False,0.175,0.025,16,107.3,0.346875,0.2785523819054022,0.3433333333333333,0.1282752247125533,-0.0843652016911651,2.321928094887362,0.0245045270168682,-0.0293145824438467,2.321928094887362,0.8053087166318258,-0.0584541483391873,2.321928094887362,0.5742781321888095,-0.0604277087180245,2.321928094887362,1.7254823412950115,-0.8279325152588819,2.321928094887362,1.2696759857506132,-0.3847425845782597,2.321928094887362,0.3288888888888889,0.1611111111111111
ravdess,42,3,1.0,False,0.35,0.05,26,147.6,0.38125,0.3219588301901075,0.3866666666666666,0.2069217750379945,-0.075919132353885,2.321928094887362,0.0382429973693301,-0.0443454846033382,2.321928094887362,0.9479214687501376,-0.1028014088597246,2.321928094887362,0.6469816930990957,-0.0619565484422084,2.321928094887362,1.8035507250820615,-0.7853353167352028,2.321928094887362,1.4350338309930617,-0.2695196118290934,2.321928094887362,0.3044444444444444,0.1305555555555554
ravdess,42,3,2.0,False,0.7,0.1,38,164.8,0.3906249999999999,0.3334255477093121,0.3966666666666666,0.1842508441598558,-0.0761334499043524,2.321928094887362,-0.0204311578018301,-0.0418537955485347,2.321928094887362,0.9924537505202962,-0.0633195770090915,2.321928094887362,0.7337860460951611,-0.0239247785116503,2.321928094887362,1.9256665492220073,-1.050934705720767,2.321928094887362,1.376416865904864,-0.3259246272072307,2.321928094887362,0.34,0.175
ravdess,42,3,4.0,False,1.4,0.2,30,164.7,0.375,0.3353929016671012,0.3766666666666666,0.0799366807549821,-0.0994607936434515,2.321928094887362,0.0115842420127942,-0.052220586798958,2.321928094887362,0.9684092571145342,-0.0802853985773506,2.321928094887362,0.6735496304051365,-0.043924476568069,2.321928094887362,1.838311915524312,-0.9631068684401808,2.321928094887362,1.493374498210188,-0.4027796904512524,2.321928094887362,0.2977777777777778,0.1222222222222222
ravdess,42,3,8.0,False,2.8,0.4,20,124.6,0.28125,0.223653064196373,0.3,0.3083322510997708,-0.085665561497807,2.321928094887362,0.0262494830107771,-0.0216594493014659,2.321928094887362,0.529372122891669,-0.0497596909937789,2.321928094887362,0.2657740342099162,-0.0445182028793786,2.321928094887362,1.7542792781125196,-0.7208325918866008,2.321928094887362,1.1913399051741107,-0.302250849229928,2.321928094887362,0.2911111111111111,0.1138888888888889
ravdess,42,3,16.0,False,5.6,0.8,10,84.6,0.2,0.0842636895268474,0.2133333333333333,0.4359860682367793,-0.0416593632215209,2.321928094887362,0.1374066490074685,-0.0275757202518995,2.321928094887362,0.4937520362259284,-0.0403722500066376,2.321928094887362,0.2583492192072252,-0.0178645975458597,2.321928094887362,1.6851616999440466,-0.4707277499574087,2.321928094887362,0.9973785916126564,-0.3180526956101737,2.321928094887362,0.3333333333333333,0.1666666666666666
ravdess,42,4,0.0,False,0.0,0.0,31,163.5,0.4312499999999999,0.3882019930758525,0.4133333333333333,0.4020896283446362,-0.0477965087680476,2.321928094887362,0.1818026454420911,-0.0428244460613287,2.321928094887362,1.268639262369101,-0.0544087176445797,2.321928094887362,0.8343374155488767,-0.0336410495675436,2.321928094887362,2.081709323490119,-0.7981577145501508,2.321928094887362,1.6409503805598806,-0.2668942751152996,2.321928094887362,0.4088888888888888,0.261111111111111
ravdess,42,4,0.5,False,0.175,0.025,28,156.3,0.340625,0.2835035959763736,0.33,0.255977184657099,0.0050450036239171,2.321928094887362,0.0728355093895469,0.0103129393090997,2.321928094887362,1.2559335959566935,-0.0391146310766687,2.321928094887362,0.7017983257666713,-0.0454816189538807,2.321928094887362,2.054518894247917,-0.6913590738705193,2.321928094887362,1.7761098685204346,-0.2638328346245675,2.321928094887362,0.3288888888888889,0.1611111111111111
ravdess,42,4,1.0,False,0.35,0.05,18,119.2,0.328125,0.3077081504239538,0.32,0.5013083920269257,-0.0379646423984851,2.321928094887362,0.008427797022231,-0.0080241335420425,2.321928094887362,0.9805722116049048,-0.0323190993248401,2.321928094887362,0.5406661068749286,-0.0252936069914171,2.321928094887362,2.003916036378768,-0.5228161258825224,2.321928094887362,1.4930358027905617,-0.3027431312724395,2.321928094887362,0.3311111111111111,0.1638888888888889
ravdess,42,4,2.0,False,0.7,0.1,4,59.1,0.2249999999999999,0.1186023258048735,0.1766666666666666,0.312948631284172,-0.0429368750564331,2.321928094887362,0.0870842898197996,-0.0315707330333001,2.321928094887362,0.3005503960615363,-0.0297467657171193,2.321928094887362,0.0482341836135513,-0.0524526484157057,2.321928094887362,1.7958083600919157,-0.1654842427827199,2.321928094887362,1.0305054410645298,-0.179169975120911,2.321928094887362,0.3399999999999999,0.1749999999999999
ravdess,42,4,4.0,False,1.4,0.2,18,115.9,0.2875,0.2134751108108778,0.29,0.1020704313814064,-0.0468113179074745,2.321928094887362,-0.0382079265575252,-0.0194132427102173,2.321928094887362,0.5963807815018387,-0.0259827381229618,2.321928094887362,0.1709232205042457,-0.0484734757746845,2.321928094887362,1.8276874711917863,-0.4396906478356555,2.321928094887362,1.216645320044851,-0.2214529018853741,2.321928094887362,0.2288888888888888,0.036111111111111
ravdess,42,4,8.0,False,2.8,0.4,3,54.3,0.203125,0.1290777230432402,0.2166666666666666,0.5937801883047931,-0.0283349999268729,2.321928094887362,0.3885244548936177,-0.0743172406169732,2.321928094887362,0.5384900965142454,-0.0293870725224354,2.321928094887362,0.19791735395368,-0.0385749317631773,2.321928094887362,1.9117832062954696,-0.1998245762015473,2.321928094887362,1.335019441999142,-0.2724121228909855,2.321928094887362,0.3999999999999999,0.2499999999999999
ravdess,42,4,16.0,False,5.6,0.8,5,60.8,0.109375,0.0458355945274342,0.1166666666666666,0.7624297183352324,-0.0249482396535229,2.321928094887362,0.457380556748499,-0.0301181314452887,2.321928094887362,0.7320581422554382,-0.0286135342897222,2.321928094887362,0.3374891084823326,-0.0364424702212047,2.321928094887362,1.9134712265404472,-0.3036655490106894,2.321928094887362,1.2669282220263227,-0.3085217970776832,2.321928094887362,0.3355555555555555,0.1694444444444443
ravdess,42,5,0.0,False,0.0,0.0,24,152.6,0.390625,0.3401647569697854,0.375,0.5176428650519289,-0.0668007371627665,2.0,0.0821490020077622,-0.0033976028321185,2.0,1.0247535034217838,-0.097518938773526,2.0,0.5027621467578787,-0.0425937891491212,2.0,1.5164383110319704,-1.0638574359726287,2.0,1.1910251841874189,-0.2347711794177374,2.0,0.4722222222222222,0.2962962962962963
ravdess,42,5,0.5,False,0.175,0.025,31,180.6,0.38671875,0.3465360340031742,0.3875,0.265098766882164,-0.0177711409382879,2.0,0.1100211826053696,-0.0265910434512042,2.0,1.129496826536728,-0.0961706645765194,2.0,0.5936087830960628,-0.0376080545125558,2.0,1.5930273739089158,-0.9450175368305098,2.0,1.2208056637695437,-0.330116561988607,2.0,0.3944444444444445,0.1925925925925926
ravdess,42,5,1.0,False,0.35,0.05,15,116.3,0.36328125,0.3086222979066342,0.3583333333333333,0.1915438130746616,-0.0403928086832343,2.0,0.0350618379224814,-0.0036504539758062,2.0,1.0562243459504854,-0.0559700206911726,2.0,0.359300784782429,-0.0464810288509647,2.0,1.4052862742222514,-0.774728124419922,2.0,1.230389636325437,-0.2281498151897585,2.0,0.3694444444444444,0.1592592592592593
ravdess,42,5,2.0,False,0.7,0.1,29,175.6,0.3671875,0.3092193516120634,0.35,0.2075191392447533,-0.0329402683746264,2.0,0.0331281984155709,-0.0032376431390002,2.0,1.1479042080537796,-0.0369984460390533,2.0,0.6496849764240207,-0.058749641189014,2.0,1.4731511780738429,-0.9292647401933484,2.0,1.4389311516731738,-0.1936226992921468,2.0,0.3833333333333333,0.1777777777777778
ravdess,42,5,4.0,False,1.4,0.2,24,153.7,0.3125,0.2598955258117921,0.3208333333333333,0.3931640229512885,-0.0444264217478975,2.0,0.0640896230134726,-0.0220970089435801,2.0,0.6745322401146452,-0.039233053593962,2.0,0.3075664580697728,-0.0513370768698431,2.0,1.5039937641103025,-0.8299316665125813,2.0,1.1513222995125136,-0.2130847757340603,2.0,0.3972222222222222,0.1962962962962963
ravdess,42,5,8.0,False,2.8,0.4,22,147.6,0.26171875,0.2167005388232618,0.275,0.3872824399817365,-0.0734708975347282,2.0,0.0953929848596135,-0.0453642899926651,2.0,0.8157265420202469,-0.0628327999353373,2.0,0.4815411831141667,-0.0567564389766475,2.0,1.5148618000505656,-0.7881895737460431,2.0,1.140024526882591,-0.2887469114654655,2.0,0.3722222222222222,0.1629629629629629
ravdess,42,5,16.0,False,5.6,0.8,11,100.4,0.15234375,0.0986476358088333,0.1625,0.6015176013641741,-0.0657446738051885,2.0,0.1540727908736918,-0.0515604702038379,2.0,0.8910050897590123,-0.1031632914691811,2.0,0.3168909034991904,-0.0576231176463259,2.0,1.470303528609008,-0.6147131909439243,2.0,0.9877430097668318,-0.2935182322338945,2.0,0.4722222222222221,0.2962962962962962
ravdess,43,1,0.0,False,0.0,0.0,31,165.4,0.44375,0.3962720328703694,0.4433333333333333,0.2657161844362177,-0.0943304415893151,2.321928094887362,0.1584973313272044,-0.0814665970048951,2.321928094887362,1.0062649547681497,-0.0727655338881536,2.321928094887362,0.6760238673481822,-0.072948832264994,2.321928094887362,1.5815667533296025,-1.1751556718944416,2.321928094887362,1.2178673342119763,-0.2760475390775037,2.321928094887362,0.3933333333333333,0.2416666666666666
ravdess,43,1,0.5,False,0.175,0.025,34,165.2,0.41875,0.363303995030785,0.4166666666666667,0.3554491939935311,-0.0991330017209777,2.321928094887362,0.1356666174837064,-0.0902772048431588,2.321928094887362,0.9203009222939056,-0.0633404786591089,2.321928094887362,0.6737167808925195,-0.0423393834360297,2.321928094887362,1.538268205694845,-0.8695133410466371,2.321928094887362,1.1020428264633806,-0.2714587308304232,2.321928094887362,0.3711111111111111,0.2138888888888888
ravdess,43,1,1.0,False,0.35,0.05,20,125.8,0.371875,0.3168995491204229,0.3966666666666666,0.2319255049364024,-0.0999421429022158,2.321928094887362,0.1186092582454088,-0.0770818732594134,2.321928094887362,0.8112362809974929,-0.0899041813192198,2.321928094887362,0.463639550379338,-0.0467544614564663,2.321928094887362,1.389746858638635,-0.881006084648345,2.321928094887362,0.9079656555870188,-0.2815357014810953,2.321928094887362,0.3844444444444445,0.2305555555555555
ravdess,43,1,2.0,False,0.7,0.1,34,168.1,0.328125,0.2636232525618943,0.35,0.2272362065484268,-0.0586662385273855,2.321928094887362,0.0653593495938462,-0.0869761909227349,2.321928094887362,0.9091126555210418,-0.0641492139622941,2.321928094887362,0.551805934777837,-0.0489750857785109,2.321928094887362,1.500563840788618,-1.0944362460456083,2.321928094887362,1.1308635228887174,-0.3400614000780582,2.321928094887362,0.4066666666666666,0.2583333333333332
ravdess,43,1,4.0,False,1.4,0.2,11,89.0,0.2625,0.2007646307525366,0.28,0.2861856274400187,-0.1049923207984395,2.321928094887362,0.1016092010233835,-0.0816238579976191,2.321928094887362,0.3869192375790942,-0.0790429041006448,2.321928094887362,0.1700172911294633,-0.0503284078269432,2.321928094887362,1.228170154217893,-0.484599018664329,2.321928094887362,0.7375888192989768,-0.2971534724033318,2.321928094887362,0.3888888888888889,0.2361111111111111
ravdess,43,1,8.0,False,2.8,0.4,26,152.3,0.284375,0.2149549837283378,0.3,0.4009656292960433,-0.0776330977299775,2.321928094887362,0.0615787911029785,-0.1141055386293969,2.321928094887362,0.6484082996951925,-0.0314002099464802,2.321928094887362,0.4053192073549521,-0.0575114204546576,2.321928094887362,1.2889245947805528,-0.8136295138350427,2.321928094887362,0.8078258379049164,-0.2961188982394893,2.321928094887362,0.3688888888888889,0.2111111111111111
ravdess,43,1,16.0,False,5.6,0.8,4,58.3,0.1687499999999999,0.0853589325131552,0.18,0.4615884722114747,-0.0235445306018453,2.321928094887362,0.1911844156213318,-0.0660705636617966,2.321928094887362,0.5714129496670763,-0.0331784834715636,2.321928094887362,0.3344490497077763,-0.0337248710570623,2.321928094887362,1.4388200753541145,-0.4038839021689884,2.321928094887362,0.6487269046971023,-0.1861341022060094,2.321928094887362,0.3622222222222222,0.2027777777777777
ravdess,43,2,0.0,False,0.0,0.0,16,109.2,0.371875,0.312297722242423,0.3666666666666666,0.4520615464809776,-0.0299091147189645,2.321928094887362,0.4137960510639928,-0.0331793144327465,2.321928094887362,1.2951292286415006,-0.0638188962132662,2.321928094887362,0.7483630384690314,-0.0385449599852094,2.321928094887362,1.9879645780640796,-0.5732231854110541,2.321928094887362,1.6139411513453767,-0.2923919936783963,2.321928094887362,0.48,0.3499999999999999
ravdess,43,2,0.5,False,0.175,0.025,33,165.9,0.4656249999999999,0.41371772837823,0.4633333333333333,0.4025541840051074,-0.0420544580477657,2.321928094887362,0.2042314167794292,-0.0381944404708449,2.321928094887362,1.3136110394751717,-0.0620600083948508,2.321928094887362,0.9799490799543976,-0.036912382414151,2.321928094887362,1.9976298451909096,-0.8954042611739523,2.321928094887362,1.7021399563722814,-0.271947334754806,2.321928094887362,0.3688888888888889,0.211111111111111
ravdess,43,2,1.0,False,0.35,0.05,37,168.3,0.440625,0.3964405162976174,0.4366666666666666,0.3357631387138149,-0.0050972451911563,2.321928094887362,0.1503931122433828,-0.0198479219817264,2.321928094887362,1.2700097932647945,-0.049019831711246,2.321928094887362,0.6845809466057791,-0.0780003678384635,2.321928094887362,1.9312262091304264,-0.8586779942618801,2.321928094887362,1.690979629520011,-0.3646649773205523,2.321928094887362,0.4111111111111111,0.2638888888888888
ravdess,43,2,2.0,False,0.7,0.1,33,168.4,0.44375,0.3809721691697005,0.44,0.507325894699427,-0.0288778199552361,2.321928094887362,0.2337057503650825,-0.0369257058329388,2.321928094887362,1.1225577791280168,-0.0302441782499944,2.321928094887362,0.5397356741179435,-0.062936916398629,2.321928094887362,1.911556504275974,-0.8384821168977257,2.321928094887362,1.5663344270178106,-0.3258330236499271,2.321928094887362,0.3955555555555555,0.2444444444444444
ravdess,43,2,4.0,False,1.4,0.2,38,165.9,0.35,0.2954433064118662,0.37,0.3599350779205108,0.0006109898297896,2.321928094887362,0.154675388266043,-0.0468517913711465,2.321928094887362,0.9306496335710246,-0.0072715628043842,2.321928094887362,0.4408939563257696,-0.0330874183935332,2.321928094887362,1.7803732742186038,-0.6693881150272887,2.321928094887362,1.5894593131946584,-0.2587977337943625,2.321928094887362,0.3222222222222222,0.1527777777777778
ravdess,43,2,8.0,False,2.8,0.4,30,168.1,0.315625,0.2687571958394917,0.33,0.5229049354039763,-0.0406923664097855,2.321928094887362,0.1871108169023991,-0.042050852508388,2.321928094887362,1.1517407971873266,-0.0012976411603702,2.321928094887362,0.6519883011397385,-0.0332449255473092,2.321928094887362,1.8591876980445448,-0.6159750502970991,2.321928094887362,1.4366914203481609,-0.2494455356866649,2.321928094887362,0.4044444444444445,0.2555555555555556
ravdess,43,2,16.0,False,5.6,0.8,2,50.7,0.175,0.0568783068783068,0.12,0.8325712195753707,-0.0239128420555303,2.321928094887362,0.509983237397166,-0.042360421823135,2.321928094887362,0.7821665620214764,-0.0285041757705024,2.321928094887362,0.5141931839679987,-0.0398969190114555,2.321928094887362,1.9028401432566155,-0.381246342898871,2.321928094887362,1.376762668063936,-0.2062471324365749,2.321928094887362,0.3866666666666666,0.2333333333333333
ravdess,43,3,0.0,False,0.0,0.0,27,153.6,0.521875,0.4666747256094116,0.51,0.1167255936828954,-0.0659855269394786,2.321928094887362,0.0821873927922585,-0.0777375231071237,2.321928094887362,0.9671443759590792,-0.0823835030929545,2.321928094887362,0.5868078580853404,-0.0470250425614566,2.321928094887362,1.8118788303660285,-1.1825967634470271,2.321928094887362,1.448149470484431,-0.3873620255835925,2.321928094887362,0.3466666666666667,0.1833333333333333
ravdess,43,3,0.5,False,0.175,0.025,31,167.2,0.503125,0.4647946459507561,0.5066666666666667,0.2700051434037056,-0.0532339984407026,2.321928094887362,0.0950890752808986,-0.0564626768032527,2.321928094887362,0.982080702975042,-0.0347021967143224,2.321928094887362,0.605116848285707,-0.0438159375963724,2.321928094887362,1.7770505406849066,-1.213510186520867,2.321928094887362,1.4537245435679116,-0.3009553035864103,2.321928094887362,0.32,0.15
ravdess,43,3,1.0,False,0.35,0.05,36,167.8,0.509375,0.4731979909374305,0.5166666666666667,0.1647625060508284,-0.0464117356100151,2.321928094887362,0.0519564539026835,-0.072451413269706,2.321928094887362,0.9948454837300508,-0.0524517274648625,2.321928094887362,0.7787089210656777,-0.063414710767415,2.321928094887362,1.8271592921111297,-1.6133216134401225,2.321928094887362,1.3678649719020546,-0.3469373626436334,2.321928094887362,0.3088888888888889,0.136111111111111
ravdess,43,3,2.0,False,0.7,0.1,40,167.7,0.43125,0.3836491340009315,0.4333333333333333,0.1223091424071554,-0.0488196283216124,2.321928094887362,0.0408738629245548,-0.0554280638870299,2.321928094887362,0.9168297832251644,-0.0667049868742717,2.321928094887362,0.600798348438206,-0.0636657714830435,2.321928094887362,1.7666196180257274,-1.1659499867531933,2.321928094887362,1.3137563009598046,-0.3484307658236405,2.321928094887362,0.3377777777777778,0.1722222222222222
ravdess,43,3,4.0,False,1.4,0.2,36,167.2,0.33125,0.268837445636667,0.3433333333333333,0.2429197513203145,-0.0618857729416437,2.321928094887362,0.0162436815595468,-0.0308640738263457,2.321928094887362,0.7668902659219763,-0.0597255302773094,2.321928094887362,0.5093205170505646,-0.0436399318122893,2.321928094887362,1.7224525421552668,-1.318459489120818,2.321928094887362,1.218296666447246,-0.4186875477364311,2.321928094887362,0.3777777777777777,0.2222222222222221
ravdess,43,3,8.0,False,2.8,0.4,26,154.2,0.325,0.2570960043406724,0.3466666666666667,0.0989762214852314,-0.0395556419771523,2.321928094887362,0.0015699036893126,-0.0277842484869736,2.321928094887362,0.3730760983471923,-0.028489184418464,2.321928094887362,0.1644811653822584,-0.0633465899013203,2.321928094887362,1.756700659918235,-0.903795620940448,2.321928094887362,1.0136050522170217,-0.3906202601180268,2.321928094887362,0.2666666666666666,0.0833333333333333
ravdess,43,3,16.0,False,5.6,0.8,39,169.8,0.190625,0.0936660075166315,0.2033333333333333,0.3541394717615291,-0.0802692108914406,2.321928094887362,0.1834153490754624,-0.0975218289856822,2.321928094887362,0.8508918385387298,-0.0264241046742346,2.321928094887362,0.4903432791946285,-0.0545566801241941,2.321928094887362,1.7388849159352002,-0.7650606705180651,2.321928094887362,1.3655985403652733,-0.3581963595814654,2.321928094887362,0.3333333333333333,0.1666666666666666
ravdess,43,4,0.0,False,0.0,0.0,18,114.9,0.4187499999999999,0.3829402001525251,0.4133333333333333,0.2956308910636003,-0.1007114854566872,2.321928094887362,0.1407623927161676,-0.0414493098125077,2.321928094887362,1.1545531024997766,-0.0647996211143975,2.321928094887362,0.7912100567508866,-0.0708063742811031,2.321928094887362,2.0410847540579167,-0.7985661776713595,2.321928094887362,1.5553068028565744,-0.2823074427799401,2.321928094887362,0.3955555555555555,0.2444444444444444
ravdess,43,4,0.5,False,0.175,0.025,8,74.6,0.31875,0.2373939240030724,0.34,0.2010723761342228,-0.0722378870672035,2.321928094887362,0.0819818295894516,-0.0556487382639789,2.321928094887362,0.7898422784251045,-0.0853359742768233,2.321928094887362,0.4761098280630653,-0.0648937320272105,2.321928094887362,1.8797618611091167,-0.3428601740042611,2.321928094887362,1.2453580038360546,-0.2088612661307269,2.321928094887362,0.2511111111111111,0.0638888888888888
ravdess,43,4,1.0,False,0.35,0.05,31,166.7,0.4031249999999999,0.3591595344584503,0.42,0.2168810158210621,-0.0902090454341859,2.321928094887362,0.0447322458583312,-0.04907177909205,2.321928094887362,1.2870106607503198,-0.0253022211167399,2.321928094887362,0.7715712231560681,-0.0223388007679536,2.321928094887362,2.0460772105321863,-0.9083467311730824,2.321928094887362,1.689070850342076,-0.2889370072164179,2.321928094887362,0.3644444444444444,0.2055555555555555
ravdess,43,4,2.0,False,0.7,0.1,29,160.6,0.4,0.334795339012287,0.42,0.3258367023885309,-0.092340786005546,2.321928094887362,0.0031587029190238,-0.038438560320881,2.321928094887362,1.2767139215625456,-0.0410779314082256,2.321928094887362,0.8197712053697266,-0.0378512405106721,2.321928094887362,1.9959753000600784,-0.8997414756018753,2.321928094887362,1.634042032254368,-0.3553461685837686,2.321928094887362,0.3844444444444444,0.2305555555555555
ravdess,43,4,4.0,False,1.4,0.2,19,120.6,0.29375,0.2378519054875797,0.3133333333333333,0.3228625226166652,-0.1090722082183504,2.321928094887362,0.0218744986944434,-0.0661863586261439,2.321928094887362,0.9394276489843012,-0.0339842799610785,2.321928094887362,0.5007239384692819,-0.0544316350380782,2.321928094887362,1.8931233016915376,-0.5416545535673185,2.321928094887362,1.4173509978957348,-0.3541022397308286,2.321928094887362,0.3111111111111111,0.1388888888888888
ravdess,43,4,8.0,False,2.8,0.4,22,132.7,0.29375,0.2250397649990047,0.3066666666666666,0.2979417526605159,-0.0893786593519574,2.321928094887362,0.0936078756893947,-0.0692205870613693,2.321928094887362,0.6347533589518257,-0.0469940132042876,2.321928094887362,0.245423322589295,-0.0589237178066746,2.321928094887362,1.7626533059270129,-0.5988798053339472,2.321928094887362,0.9252980602552914,-0.3040261333632732,2.321928094887362,0.4,0.25
ravdess,43,4,16.0,False,5.6,0.8,31,166.6,0.2625,0.1923392534091444,0.2766666666666666,0.4150983343582572,-0.0564146485782801,2.321928094887362,0.1729999990603836,-0.0778740524073637,2.321928094887362,0.6992904424656692,-0.0429056467961763,2.321928094887362,0.2012107629281643,-0.0369377950662372,2.321928094887362,1.9527468100331764,-0.5295331191398014,2.321928094887362,1.2651179493762843,-0.2032352644919117,2.321928094887362,0.4622222222222222,0.3277777777777777
ravdess,43,5,0.0,False,0.0,0.0,37,179.8,0.48046875,0.431223134876966,0.4625,0.0936689890505617,-0.0192596399372679,2.0,0.0675869956526824,0.0216789881802659,2.0,1.0287790007432198,-0.099047632076421,2.0,0.5827285798920581,-0.0262404888875655,2.0,1.625076336136048,-0.831193518495875,2.0,1.2484790403742425,-0.2263668342227389,2.0,0.3805555555555555,0.174074074074074
ravdess,43,5,0.5,False,0.175,0.025,33,181.5,0.484375,0.4458945140904883,0.4708333333333333,0.2172743028326413,-0.0449632293439838,2.0,0.0758674473463441,0.005973291446262,2.0,0.9538458493458152,-0.0829663536264693,2.0,0.474418530298762,-0.0367902483862949,2.0,1.578028547568329,-1.1940878307035443,2.0,1.284659792671605,-0.2779054593559169,2.0,0.4277777777777777,0.237037037037037
ravdess,43,5,1.0,False,0.35,0.05,40,180.9,0.4453125,0.4125306463904397,0.4375,0.0518312083181973,-0.0264231274380501,2.0,0.0113123440386873,0.0010324571516797,2.0,0.8783084203818383,-0.0967017038049484,2.0,0.4960192070353968,-0.0534083189331124,2.0,1.4621730686392416,-0.9347850738420392,2.0,1.3248669329983236,-0.2393319877610946,2.0,0.3277777777777778,0.1037037037037037
ravdess,43,5,2.0,False,0.7,0.1,38,177.9,0.296875,0.2575840520913579,0.3125,0.1924378716662009,-0.0638122921199371,2.0,0.0156199968140788,-0.0272393164014927,2.0,1.0031127087002871,-0.0730007866368906,2.0,0.3956629942113694,-0.0348115997817966,2.0,1.5232671489672251,-1.1067667421603664,2.0,1.1695468049777458,-0.3529607385831772,2.0,0.3833333333333333,0.1777777777777778
ravdess,43,5,4.0,False,1.4,0.2,31,179.4,0.30078125,0.2728404901537187,0.3125,0.1863151338033803,-0.0367743797162845,2.0,-0.0008222895829899,-0.0375750457150392,2.0,0.9132498291052528,-0.0610585259374771,2.0,0.3732527110076538,-0.0493208535097653,2.0,1.5699052141954648,-1.0206883404193414,2.0,1.0859319953709463,-0.3304240340968842,2.0,0.3805555555555556,0.1740740740740741
ravdess,43,5,8.0,False,2.8,0.4,37,183.8,0.27734375,0.2304049593260683,0.2958333333333333,0.196690775852633,-0.0469289971019031,2.0,0.0783279142738144,-0.0262011113790037,2.0,0.8758262648555208,-0.0564042920768517,2.0,0.3422373561475929,-0.0439236931225233,2.0,1.5474855054783627,-0.9495844903435118,2.0,1.027209433077679,-0.3158161662276573,2.0,0.3277777777777778,0.1037037037037037
ravdess,43,5,16.0,False,5.6,0.8,5,68.1,0.16015625,0.0698187041807014,0.1708333333333333,0.4638412297235845,-0.0372597102920675,2.0,0.2341540119766645,-0.0202004359029479,2.0,0.5693335894461597,-0.0769321376301066,2.0,0.1881572439518726,-0.0482924959670518,2.0,1.3515754770724409,-0.3610694253612867,2.0,0.8815755860259773,-0.2138929770858109,2.0,0.4388888888888889,0.2518518518518519
ravdess,44,1,0.0,False,0.0,0.0,25,146.1,0.43125,0.3663726226767532,0.4133333333333333,0.2059201866089215,-0.0572004941903609,2.321928094887362,0.1324229371662291,-0.0676794918557406,2.321928094887362,1.039151472261883,-0.0711333300661309,2.321928094887362,0.6831058195274287,-0.0751870748136918,2.321928094887362,1.6048468361780537,-1.05004325657812,2.321928094887362,1.11518581675267,-0.2681366316053726,2.321928094887362,0.3866666666666666,0.2333333333333333
ravdess,44,1,0.5,False,0.175,0.025,35,167.5,0.45625,0.4174906431233188,0.46,0.1317175187634807,-0.0719376669742497,2.321928094887362,0.1091139329525145,-0.0661928234756907,2.321928094887362,0.8670128709591427,-0.0594125299529668,2.321928094887362,0.4387340336904477,-0.059510058665043,2.321928094887362,1.6878327251288732,-0.9758728091664004,2.321928094887362,1.1059266704023138,-0.3363077688524676,2.321928094887362,0.3644444444444444,0.2055555555555555
ravdess,44,1,1.0,False,0.35,0.05,36,167.9,0.428125,0.3990735801413402,0.4333333333333333,0.1309066615883507,-0.0740742688064881,2.321928094887362,0.0975119059263698,-0.0802052768548735,2.321928094887362,1.0409332051746212,-0.0407334079868455,2.321928094887362,0.7513361426729699,-0.063655783267825,2.321928094887362,1.6109289929826471,-0.9614999550247694,2.321928094887362,1.1765050091584617,-0.3340060150572621,2.321928094887362,0.36,0.1999999999999999
ravdess,44,1,2.0,False,0.7,0.1,35,168.0,0.3875,0.3434291484127627,0.4066666666666667,0.2183518063054514,-0.091629357140103,2.321928094887362,0.1399038814116706,-0.0612067223282002,2.321928094887362,0.9753180063588388,-0.0258846145406423,2.321928094887362,0.5958195888917981,-0.0432959873306764,2.321928094887362,1.7073032438005589,-0.9287245300849868,2.321928094887362,1.1377841916635332,-0.3158838903665382,2.321928094887362,0.3666666666666666,0.2083333333333333
ravdess,44,1,4.0,False,1.4,0.2,25,147.6,0.3374999999999999,0.2795474553457747,0.36,0.2955822909147585,-0.0694328500963079,2.321928094887362,0.1776981568704285,-0.0355898392822386,2.321928094887362,0.6747832725268486,-0.0357665183851914,2.321928094887362,0.3320470587239683,-0.0436788094082336,2.321928094887362,1.4485971551448884,-0.917960811873753,2.321928094887362,0.8806033432723332,-0.2934638173944326,2.321928094887362,0.3977777777777778,0.2472222222222222
ravdess,44,1,8.0,False,2.8,0.4,30,166.6,0.296875,0.2367939558413921,0.3133333333333333,0.3289064410238527,-0.0505364433755319,2.321928094887362,0.0837432050685027,-0.0091136510000517,2.321928094887362,0.6753062207791674,-0.0586466636571518,2.321928094887362,0.3851186819706,-0.0555070264369534,2.321928094887362,1.2535389977534062,-0.7184727053877791,2.321928094887362,0.8968994898638531,-0.2892598431139426,2.321928094887362,0.4133333333333334,0.2666666666666667
ravdess,44,1,16.0,False,5.6,0.8,6,67.3,0.171875,0.0707582636860522,0.1833333333333333,0.5958284982672526,-0.0491828919537349,2.321928094887362,0.2423842537141074,-0.087824158073579,2.321928094887362,0.6314217177406982,-0.0361667867525254,2.321928094887362,0.4059957348162784,-0.0428099849136822,2.321928094887362,1.4428591324276,-0.4343798785233841,2.321928094887362,0.6211372503172574,-0.3044978696638512,2.321928094887362,0.3911111111111111,0.2388888888888889
ravdess,44,2,0.0,False,0.0,0.0,39,165.9,0.46875,0.4070221114624551,0.4533333333333333,0.5163483584627866,-0.027664599866692,2.321928094887362,0.2167179467719333,-0.0425953964811913,2.321928094887362,1.2290992699626575,-0.0366306726611518,2.321928094887362,0.7880407716364675,-0.0325243874934599,2.321928094887362,2.029362382172184,-1.2287860744767252,2.321928094887362,1.7220783515666465,-0.3789360722614865,2.321928094887362,0.3955555555555555,0.2444444444444444
ravdess,44,2,0.5,False,0.175,0.025,38,170.3,0.465625,0.4186385295420546,0.4533333333333333,0.2914541370297709,-0.0600767925196135,2.321928094887362,0.2721973797239854,-0.0195592031622506,2.321928094887362,1.2022570258704226,0.0125405638505169,2.321928094887362,0.8176104848035082,-0.0226479107674149,2.321928094887362,1.9440712284669512,-1.0109899349124158,2.321928094887362,1.5067508845316382,-0.2525467994612991,2.321928094887362,0.3622222222222222,0.2027777777777777
ravdess,44,2,1.0,False,0.35,0.05,35,167.9,0.359375,0.3118386878386041,0.36,0.5275939610842808,-0.0535997526024409,2.321928094887362,0.2223937682964569,-0.0251686474912928,2.321928094887362,1.2635939488817571,-0.0334752232553481,2.321928094887362,0.9489778108873554,-0.0340298850861642,2.321928094887362,1.9277230434600832,-0.8513608496098501,2.321928094887362,1.584399677204356,-0.2656067383249008,2.321928094887362,0.3955555555555555,0.2444444444444444
ravdess,44,2,2.0,False,0.7,0.1,36,168.6,0.4,0.3449224442806837,0.3866666666666666,0.6749381498213349,-0.0124367313782514,2.321928094887362,0.2675925102612662,-0.0153174194540177,2.321928094887362,1.232472507987456,-0.0257556038802824,2.321928094887362,0.8310847037981586,-0.0303276173326207,2.321928094887362,1.982921437058696,-0.996924910738802,2.321928094887362,1.6606293855747292,-0.2535243227719195,2.321928094887362,0.4355555555555556,0.2944444444444444
ravdess,44,2,4.0,False,1.4,0.2,37,167.7,0.4218749999999999,0.3806576462082275,0.42,0.3890136258092949,-0.0380650310236312,2.321928094887362,0.2711618190185478,-0.0236487246099526,2.321928094887362,1.180204024090985,-0.0159117974224396,2.321928094887362,0.9228880827401756,-0.02269128604288,2.321928094887362,1.9654228162931044,-0.847745959110572,2.321928094887362,1.5598281834581282,-0.2346417272584866,2.321928094887362,0.3911111111111111,0.2388888888888888
ravdess,44,2,8.0,False,2.8,0.4,10,84.6,0.1468749999999999,0.0887692187305675,0.1566666666666666,0.9550173079892306,-0.0328105725706744,2.321928094887362,0.4281065856433821,-0.0432097433686005,2.321928094887362,0.7951037066308004,-0.0712247916308799,2.321928094887362,0.676319689350303,-0.0696709428418507,2.321928094887362,1.775817330315396,-0.4531471510740412,2.321928094887362,1.2249262129699567,-0.2414213883650422,2.321928094887362,0.4244444444444444,0.2805555555555555
ravdess,44,2,16.0,False,5.6,0.8,8,75.1,0.13125,0.0616387831577704,0.14,1.0380589550390813,-0.0355156978045947,2.321928094887362,0.7295644285320089,-0.0271780849878813,2.321928094887362,1.062387127228775,-0.0545266131221073,2.321928094887362,0.8145716244111796,-0.0376013327461457,2.321928094887362,1.891187211449292,-0.4086057979012927,2.321928094887362,1.4741299523741542,-0.1684246621084484,2.321928094887362,0.4177777777777778,0.2722222222222222
ravdess,44,3,0.0,False,0.0,0.0,34,166.4,0.5,0.4517046045250493,0.4966666666666666,0.0886151979592888,-0.0695356308505936,2.321928094887362,0.078308220452139,-0.0816842132346007,2.321928094887362,1.1314644148961146,-0.0482085588452738,2.321928094887362,0.630266722279438,-0.0425480444080434,2.321928094887362,1.8218802481978456,-1.1449597720994698,2.321928094887362,1.6205956178051752,-0.3814024368733033,2.321928094887362,0.3444444444444444,0.1805555555555555
ravdess,44,3,0.5,False,0.175,0.025,29,163.3,0.49375,0.4385415178768418,0.4833333333333333,0.1389304468811576,-0.0940027702709671,2.321928094887362,0.0976711175368403,-0.0710813583667677,2.321928094887362,1.2035681524898092,-0.0778688896943666,2.321928094887362,0.7782720829499075,-0.0436893664603563,2.321928094887362,1.955005452675436,-1.2452314027400062,2.321928094887362,1.712958060103205,-0.2474964730416085,2.321928094887362,0.3688888888888889,0.2111111111111111
ravdess,44,3,1.0,False,0.35,0.05,34,168.8,0.4968749999999999,0.4485481535777679,0.4933333333333333,0.0762802625969252,-0.0494375759265683,2.321928094887362,0.076275304417511,-0.0741924962256601,2.321928094887362,1.0258246275174447,-0.0978923105572193,2.321928094887362,0.5993291799991571,-0.0508931117498567,2.321928094887362,1.795777514570212,-1.1083463242226386,2.321928094887362,1.4894789395177694,-0.3541538042591532,2.321928094887362,0.3244444444444444,0.1555555555555555
ravdess,44,3,2.0,False,0.7,0.1,31,168.0,0.453125,0.413866536862112,0.4633333333333333,0.1329138539167238,-0.0537448712077504,2.321928094887362,0.0524465411201062,-0.0497678477507075,2.321928094887362,0.9730129393919468,-0.0912902898892564,2.321928094887362,0.691830830614548,-0.0691141455626631,2.321928094887362,1.7849498470998002,-1.2876442227724478,2.321928094887362,1.5182511583924276,-0.2445550733356389,2.321928094887362,0.2888888888888888,0.111111111111111
ravdess,44,3,4.0,False,1.4,0.2,40,168.7,0.4,0.3472846861355328,0.41,0.0995385204813166,-0.0480098950998324,2.321928094887362,0.0506156098561469,-0.0492496093705061,2.321928094887362,0.8654494269476651,-0.0451253747540203,2.321928094887362,0.5910838526241617,-0.028690462867345,2.321928094887362,1.7038764652523617,-1.0641911575977967,2.321928094887362,1.287824184875402,-0.2756441964136082,2.321928094887362,0.2488888888888888,0.061111111111111
ravdess,44,3,8.0,False,2.8,0.4,33,168.2,0.3375,0.2624528832234153,0.3466666666666667,0.1894870632027334,-0.0558269722328379,2.321928094887362,0.0527320947440368,-0.0365389343339055,2.321928094887362,0.899127366826882,-0.0291393256260064,2.321928094887362,0.5821780318811416,-0.0510899618202409,2.321928094887362,1.64316385369231,-0.5946935549257288,2.321928094887362,1.22981194649374,-0.2717143501301216,2.321928094887362,0.2933333333333333,0.1166666666666666
ravdess,44,3,16.0,False,5.6,0.8,36,167.7,0.2624999999999999,0.172824120793572,0.2366666666666666,0.6580096824290325,-0.0373009941886253,2.321928094887362,0.3610748839165405,-0.0337890382774821,2.321928094887362,0.5517657693931479,-0.0426850923560815,2.321928094887362,0.1809337619997779,-0.0628785914528347,2.321928094887362,1.8844547525688955,-0.5698067729134282,2.321928094887362,1.3448850325111628,-0.2513050401336234,2.321928094887362,0.4533333333333333,0.3166666666666666
ravdess,44,4,0.0,False,0.0,0.0,29,161.5,0.4249999999999999,0.3941046702705323,0.4366666666666666,0.3687961108688398,-0.0731406683298394,2.321928094887362,0.1765572655987579,-0.0438766844708617,2.321928094887362,1.2195798313413624,-0.0872520309677313,2.321928094887362,0.9231580801752008,-0.0388636128157795,2.321928094887362,2.170199690571511,-1.005693576925648,2.321928094887362,1.846045169120048,-0.3330403888587345,2.321928094887362,0.36,0.1999999999999999
ravdess,44,4,0.5,False,0.175,0.025,34,166.5,0.459375,0.4219140523336923,0.4633333333333333,0.2913533701600728,-0.0625259618397833,2.321928094887362,0.1540316620549471,-0.0348694713751585,2.321928094887362,1.2223553178649134,-0.1196940350000246,2.321928094887362,0.806506348412461,-0.0705230369621054,2.321928094887362,2.065521283878187,-0.8960516223370427,2.321928094887362,1.7753346171931428,-0.3521065407763926,2.321928094887362,0.3088888888888889,0.136111111111111
ravdess,44,4,1.0,False,0.35,0.05,37,168.1,0.44375,0.4189956223932103,0.4533333333333333,0.2239179290416153,-0.0540246273042779,2.321928094887362,0.1454946153997278,-0.0714279715813552,2.321928094887362,1.2614960318704664,-0.0824269422589836,2.321928094887362,0.8447317513650641,-0.0615588599258658,2.321928094887362,2.0893646889987343,-0.7381175462793936,2.321928094887362,1.8555202495798275,-0.3059644687444387,2.321928094887362,0.3088888888888889,0.136111111111111
ravdess,44,4,2.0,False,0.7,0.1,30,164.8,0.390625,0.3563559251021753,0.4066666666666667,0.2268794206823567,-0.0609368367333544,2.321928094887362,0.1583728149458361,-0.0358813860680453,2.321928094887362,1.138442667535423,-0.0749508612452034,2.321928094887362,0.8492136631724703,-0.0618823251523501,2.321928094887362,2.0316986162985216,-0.7861541520470023,2.321928094887362,1.6030174388860852,-0.3378563950538726,2.321928094887362,0.2844444444444444,0.1055555555555555
ravdess,44,4,4.0,False,1.4,0.2,32,158.9,0.375,0.3175565324835442,0.39,0.3289615336356459,-0.0786422970177631,2.321928094887362,0.1167939729134368,-0.0282819224581976,2.321928094887362,1.1915079063561005,-0.060700823848955,2.321928094887362,0.8372939831474135,-0.0515446301975948,2.321928094887362,2.0468388286729393,-0.9315034047695137,2.321928094887362,1.7026407155375185,-0.3719861980869829,2.321928094887362,0.3488888888888888,0.186111111111111
ravdess,44,4,8.0,False,2.8,0.4,10,84.0,0.2249999999999999,0.1374761487344994,0.24,0.798711982295319,-0.0367108670454938,2.321928094887362,0.264501976408908,-0.0507756314503575,2.321928094887362,0.6612591192649397,-0.0498503573538213,2.321928094887362,0.3083221506714939,-0.0197085070402205,2.321928094887362,2.01608004911602,-0.4992951022772769,2.321928094887362,1.546230619388704,-0.3768214270607792,2.321928094887362,0.371111111111111,0.2138888888888888
ravdess,44,4,16.0,False,5.6,0.8,6,66.8,0.184375,0.0775991024682124,0.1966666666666666,0.7297684769465462,-0.0528435092848256,2.321928094887362,0.4069262428992011,-0.0592852279313502,2.321928094887362,0.6500261492210293,-0.0521417929197771,2.321928094887362,0.4627326494261403,-0.0479194559498501,2.321928094887362,1.9606368539739163,-0.4864064483158965,2.321928094887362,1.5776704648964814,-0.2360395701886584,2.321928094887362,0.3577777777777777,0.1972222222222221
ravdess,44,5,0.0,False,0.0,0.0,32,141.9,0.46875,0.4490751459885552,0.4708333333333333,0.2852323397432179,-0.0503907567968946,2.0,0.1034504569633407,-0.0822512844131297,2.0,0.9615077355901596,-0.040876831161599,2.0,0.4989366511030066,-0.0146025206860738,2.0,1.5766627529735815,-1.4287463359105117,2.0,1.1967630583191586,-0.3129349262269709,2.0,0.4138888888888889,0.2185185185185185
ravdess,44,5,0.5,False,0.175,0.025,22,120.0,0.4453125,0.4136486748193106,0.4416666666666666,0.4062928597541275,-0.0974176109718456,2.0,0.1017411927323479,-0.080432630167341,2.0,0.8463697763658975,-0.0512006473871933,2.0,0.521563676848501,-0.0098624669381393,2.0,1.479532584428537,-1.0777842521155212,2.0,1.2108004406388797,-0.2331493848155919,2.0,0.4694444444444444,0.2925925925925925
ravdess,44,5,1.0,False,0.35,0.05,33,129.7,0.42578125,0.3905387329808378,0.425,0.2489907452074575,-0.0569459058312267,2.0,0.1310285119194794,-0.0822718012823204,2.0,0.9093144075234576,-0.0940731783149049,2.0,0.5247573053040546,-0.0033403025117206,2.0,1.5706158415359348,-1.0118172482282843,2.0,1.270419062928377,-0.2255141622760668,2.0,0.375,0.1666666666666666
ravdess,44,5,2.0,False,0.7,0.1,35,129.8,0.41015625,0.385694307973118,0.4125,0.2365612989766656,-0.068726887173546,2.0,0.1185141726177609,-0.086431735101252,2.0,0.820406333972548,-0.0555220798077935,2.0,0.4195347046415565,-0.010311431097326,2.0,1.6604818502480805,-1.015084114833393,2.0,1.2364266398905048,-0.3437546456500455,2.0,0.3861111111111111,0.1814814814814815
ravdess,44,5,4.0,False,1.4,0.2,28,125.5,0.34375,0.2865243449397006,0.3458333333333333,0.0724343320496008,-0.0637146937909092,2.0,0.0272087179203925,-0.0415269254554728,2.0,0.6179151211136296,-0.0571218461903706,2.0,0.2591031309002651,-0.0231748717028597,2.0,1.3774781135883754,-0.9318719671901348,2.0,0.8097665455674548,-0.2770033757228765,2.0,0.3388888888888889,0.1185185185185185
ravdess,44,5,8.0,False,2.8,0.4,20,92.5,0.33203125,0.270342504550604,0.3375,0.2811991945703573,-0.0738679047081847,2.0,0.0483789064591839,-0.0502974838732548,2.0,0.4804258240027514,-0.0603300440129599,2.0,0.211186281218229,-0.0432804192980249,2.0,1.4039093043726132,-0.7338138767962601,2.0,0.8972354820975872,-0.2040147498393301,2.0,0.3722222222222222,0.1629629629629629
ravdess,44,5,16.0,False,5.6,0.8,6,54.7,0.18359375,0.1070698628324438,0.1958333333333333,0.4747454247947811,-0.0517725375735391,2.0,0.2683419847330646,-0.0390428734382428,2.0,0.6368805787352354,-0.0521726208372461,2.0,0.2855735676203741,-0.0067220775979786,2.0,1.4036685250171683,-0.3788754180429019,2.0,0.93861664098328,-0.341168635388962,2.0,0.4694444444444444,0.2925925925925925
ravdess,42,1,32.0,False,11.2,1.6,39,167.5,0.1937499999999999,0.126433439108524,0.2066666666666666,0.586964914281078,-0.0586660488826913,2.321928094887362,0.1821495443609144,-0.05047406825997,2.321928094887362,0.5019174314429062,-0.0454852663011773,2.321928094887362,0.2338941501765949,-0.0280936532355737,2.321928094887362,1.4941144170518983,-0.6547086585364652,2.321928094887362,1.0954941166391532,-0.4553725038048628,2.321928094887362,0.48,0.3499999999999999
ravdess,42,1,64.0,False,22.4,3.2,8,80.9,0.125,0.0535511363636363,0.1333333333333333,0.5908341114733671,-0.0322001024104117,2.321928094887362,0.3979795791401623,-0.0317991807490285,2.321928094887362,0.6054433197708351,-0.0382470467293227,2.321928094887362,0.4060341634312252,-0.0471972670997757,2.321928094887362,1.3972793705214728,-0.3723656418410761,2.321928094887362,0.7041405406489567,-0.2708808866881447,2.321928094887362,0.3177777777777778,0.1472222222222222
ravdess,42,2,32.0,False,11.2,1.6,10,88.3,0.134375,0.0557596412026791,0.1433333333333333,1.1261552374102937,-0.0534027807889292,2.321928094887362,0.6059981742599896,-0.0263316356934248,2.321928094887362,1.13483238046789,-0.0767084188848508,2.321928094887362,0.7623090878515819,-0.0343559110847566,2.321928094887362,1.8893424454402965,-0.4615445661056023,2.321928094887362,1.3839423709568477,-0.3106090632890832,2.321928094887362,0.5111111111111111,0.3888888888888888
ravdess,42,2,64.0,False,22.4,3.2,24,145.8,0.1875,0.0810417241485024,0.2,0.8824607984352468,-0.0330353298754166,2.321928094887362,0.6563090009401515,-0.0263451556331753,2.321928094887362,1.071781323240269,-0.0611729844838282,2.321928094887362,0.5760846357637155,-0.0180067179270002,2.321928094887362,1.748538418431945,-0.5609231082615431,2.321928094887362,1.2519551835242042,-0.2728614078068339,2.321928094887362,0.3733333333333333,0.2166666666666666
ravdess,42,3,32.0,False,11.2,1.6,11,91.4,0.196875,0.1064062613988098,0.21,0.5245298141799755,-0.039250587565061,2.321928094887362,0.2301947412795186,-0.0499521980100552,2.321928094887362,0.4965082637780034,-0.0491556508585957,2.321928094887362,0.3073536696542578,-0.0251219517806182,2.321928094887362,1.6447872594319786,-0.5489478788964566,2.321928094887362,0.6744817779393883,-0.2408345611353226,2.321928094887362,0.2888888888888889,0.1111111111111111
ravdess,42,3,64.0,False,22.4,3.2,8,81.1,0.15,0.0704952049968351,0.16,0.4411190810695529,-0.0417807181344556,2.321928094887362,0.265303192004072,-0.0220971552258522,2.321928094887362,0.6108889616461064,-0.0493179365903122,2.321928094887362,0.3185776339560382,-0.0264667306308039,2.321928094887362,1.5934637600117902,-0.4571918711497122,2.321928094887362,0.6986419469545273,-0.2645286322597222,2.321928094887362,0.3688888888888889,0.2111111111111111
ravdess,42,4,32.0,False,11.2,1.6,3,60.8,0.140625,0.0637470657276995,0.15,0.671515049402319,-0.0245985773242369,2.321928094887362,0.5275366077341519,-0.0532271669909554,2.321928094887362,0.5823601835666379,-0.0458532440008787,2.321928094887362,0.5294550856304427,-0.0683628813269994,2.321928094887362,1.8059162355434433,-0.2640193150569807,2.321928094887362,1.217949883235223,-0.2483744630593944,2.321928094887362,0.3866666666666666,0.2333333333333332
ravdess,42,4,64.0,False,22.4,3.2,2,56.3,0.171875,0.0831607581607581,0.1833333333333333,0.8078783342915266,-0.0296064949111483,2.321928094887362,0.6034847944744746,-0.034938861771204,2.321928094887362,0.7409479098338931,-0.0559457301836379,2.321928094887362,0.3153672866297001,-0.0666441447180057,2.321928094887362,1.8288960607744256,-0.1517602739089758,2.321928094887362,1.2737169522608471,-0.2066724742394843,2.321928094887362,0.4088888888888888,0.261111111111111
ravdess,42,5,32.0,False,11.2,1.6,4,72.9,0.12890625,0.0442279494698849,0.1333333333333333,0.4910806210271929,-0.0665231001813251,2.0,0.2032326546833283,-0.023170577373107,2.0,0.545475519018547,-0.078151637430158,2.0,0.2044467459451717,-0.0228772357556317,2.0,1.4087019879324632,-0.4919504841107631,2.0,0.8170691936275247,-0.1910922285988894,2.0,0.45,0.2666666666666666
ravdess,42,5,64.0,False,22.4,3.2,5,77.1,0.12109375,0.0531342266636384,0.1291666666666666,0.5660859313290492,-0.0676906055299024,2.0,0.2892360015925233,-0.0165853118811196,2.0,0.6302959886502808,-0.0820801072873114,2.0,0.2178808347640846,-0.0543443956861562,2.0,1.2006776545915003,-0.274188450298896,2.0,0.6740357315394032,-0.3201907504694503,2.0,0.5138888888888888,0.3518518518518518
ravdess,43,1,32.0,False,11.2,1.6,10,88.4,0.159375,0.0785744342486346,0.17,0.5515774072072357,-0.0322049448444623,2.321928094887362,0.3619022625129104,-0.0496901426542493,2.321928094887362,0.569720314325187,-0.0881192042013911,2.321928094887362,0.3520632337084544,-0.0847760019613774,2.321928094887362,1.2977108227772385,-0.4053499350153089,2.321928094887362,0.5983071399154605,-0.2227505127148967,2.321928094887362,0.4133333333333333,0.2666666666666665
ravdess,43,1,64.0,False,22.4,3.2,19,123.1,0.15,0.0611558930627742,0.16,0.5903594620234827,-0.0261338061724463,2.321928094887362,0.1323355642132173,-0.0584695876452143,2.321928094887362,0.683292507573565,-0.0550967623350047,2.321928094887362,0.3890286318004683,-0.0373827380567863,2.321928094887362,1.344900926717674,-0.3777884667459541,2.321928094887362,0.6365941726895539,-0.2102163027585732,2.321928094887362,0.3666666666666667,0.2083333333333333
ravdess,43,2,32.0,False,11.2,1.6,9,78.3,0.165625,0.0692652130381577,0.1766666666666666,0.7618637634063425,-0.0370150039864469,2.321928094887362,0.5506603700710393,-0.0448359277802103,2.321928094887362,0.9378907429384268,-0.0279047096501074,2.321928094887362,0.6411298319689074,-0.0331270233647722,2.321928094887362,1.7013491615442091,-0.2745214480309923,2.321928094887362,1.2065259973844955,-0.2356795376545069,2.321928094887362,0.4088888888888888,0.261111111111111
ravdess,43,2,64.0,False,22.4,3.2,39,152.7,0.13125,0.0796689895470383,0.14,0.7671040842208059,-0.0361112580133311,2.321928094887362,0.3645463255691263,-0.0482548668001068,2.321928094887362,0.9089788143786648,-0.048482977047652,2.321928094887362,0.5141003826203772,-0.0621755053994261,2.321928094887362,1.866084549505185,-0.4201856110904085,2.321928094887362,1.2444213079166615,-0.2277354495677541,2.321928094887362,0.3866666666666666,0.2333333333333332
ravdess,43,3,32.0,False,11.2,1.6,15,102.8,0.190625,0.0930832560296845,0.2033333333333333,0.3499109366685413,-0.0442949782838018,2.321928094887362,0.0541408019260045,-0.0519312778548037,2.321928094887362,0.69518686060281,-0.0679606037647668,2.321928094887362,0.2076170282996403,-0.0904241640199261,2.321928094887362,1.8821138976786196,-0.4256079890115667,2.321928094887362,1.219648065093631,-0.2264414463609463,2.321928094887362,0.28,0.1
ravdess,43,3,64.0,False,22.4,3.2,12,91.3,0.11875,0.0698663017508668,0.1266666666666666,0.4235630282972726,-0.018628456064929,2.321928094887362,0.2649311742686424,-0.0526721289951823,2.321928094887362,0.6816230980623454,-0.06157647464225,2.321928094887362,0.3880499544607334,-0.0504867760912923,2.321928094887362,1.79067971163209,-0.3677425727615104,2.321928094887362,0.8585849518746269,-0.1793013470058557,2.321928094887362,0.4155555555555555,0.2694444444444444
ravdess,43,4,32.0,False,11.2,1.6,7,71.2,0.171875,0.0876811594202898,0.1833333333333333,0.6925668634296676,-0.0301460618723794,2.321928094887362,0.4242867333573175,-0.0152629385730849,2.321928094887362,0.8447828597420948,-0.063465210247148,2.321928094887362,0.6226873134077804,-0.0119185295611421,2.321928094887362,1.8915196154401173,-0.3407210013453765,2.321928094887362,1.347946590350909,-0.1833651188943124,2.321928094887362,0.3933333333333333,0.2416666666666667
ravdess,43,4,64.0,False,22.4,3.2,12,91.2,0.1375,0.0457904950658573,0.1466666666666666,0.4747223936455369,-0.0366079445228146,2.321928094887362,0.1621958310117324,-0.0383849810299139,2.321928094887362,0.8135096244103333,-0.0460814341359645,2.321928094887362,0.4605102760520307,-0.0382443577146918,2.321928094887362,1.9269450300218591,-0.3109196885864644,2.321928094887362,1.4996616909075289,-0.1522446128949166,2.321928094887362,0.3044444444444444,0.1305555555555554
ravdess,43,5,32.0,False,11.2,1.6,10,92.4,0.171875,0.0562503203321203,0.125,0.6542244273402933,-0.040967885196836,2.0,0.2859711500911854,-0.0504123314277697,2.0,0.6815582547492827,-0.0397771104725763,2.0,0.2086867084953689,-0.0237162473320777,2.0,1.3580799851399434,-0.5152546167508287,2.0,0.8636570701032864,-0.1388765974846415,2.0,0.4305555555555555,0.2407407407407407
ravdess,43,5,64.0,False,22.4,3.2,9,88.8,0.17578125,0.0810054347826086,0.1875,0.6466964551287508,-0.0752103174337008,2.0,0.2372735147774463,-0.0149602697340309,2.0,0.6435100238070441,-0.057786879025977,2.0,0.3518514780612076,-0.0219761689294206,2.0,1.4422696896626417,-0.4691229170600768,2.0,1.0021278054621965,-0.1849531065642424,2.0,0.4638888888888889,0.2851851851851852
ravdess,44,1,32.0,False,11.2,1.6,7,71.6,0.159375,0.0686865331688336,0.17,0.5491142499430874,-0.0525789224563024,2.321928094887362,0.2547249072276631,-0.0205105382965933,2.321928094887362,0.5669617930041706,-0.0284359140433196,2.321928094887362,0.3996140598697677,-0.0723210951113406,2.321928094887362,1.3609923225690537,-0.3338545107036079,2.321928094887362,0.5882045271445095,-0.2169127840804132,2.321928094887362,0.3555555555555555,0.1944444444444444
ravdess,44,1,64.0,False,22.4,3.2,11,79.5,0.18125,0.0758985200845666,0.1933333333333333,0.6417012993750664,-0.0365653601026032,2.321928094887362,0.3239743333618499,-0.0560181698357249,2.321928094887362,0.7471859039215083,-0.0763947514267338,2.321928094887362,0.2675480324722623,-0.0581494159081703,2.321928094887362,1.4084887122505134,-0.4425537149676462,2.321928094887362,0.8461738059770947,-0.1993747440438324,2.321928094887362,0.4111111111111111,0.2638888888888888
ravdess,44,2,32.0,False,11.2,1.6,1,44.2,0.125,0.0294117647058823,0.1333333333333333,0.9400868852854238,-0.0273392197265347,2.321928094887362,0.4296996734984801,-0.0240081853430389,2.321928094887362,1.0644257825071497,-0.0558823615525354,2.321928094887362,0.7152959781847006,-0.025294770649169,2.321928094887362,1.912725285034729,-0.588774105222857,2.321928094887362,1.4831599591690994,-0.2383070072977271,2.321928094887362,0.3822222222222222,0.2277777777777777
ravdess,44,2,64.0,False,22.4,3.2,5,55.6,0.18125,0.0763224321100663,0.1933333333333333,0.9027662540393888,-0.0316334996230143,2.321928094887362,0.6646947337305849,-0.0211897280241757,2.321928094887362,0.908067102813485,-0.0284977517599704,2.321928094887362,0.3026169712373829,-0.0010691139565994,2.321928094887362,1.854333539961924,-0.4271615234072574,2.321928094887362,1.4766751118885106,-0.1360996362096194,2.321928094887362,0.3688888888888889,0.211111111111111
ravdess,44,3,32.0,False,11.2,1.6,10,66.0,0.1125,0.0286624203821656,0.12,0.5633586703094691,-0.0293240294729373,2.321928094887362,0.2680726421424593,-0.0668282842987553,2.321928094887362,0.8022623624959409,-0.0279175674709826,2.321928094887362,0.4253309951898552,-0.0735015465827273,2.321928094887362,1.8349023963739393,-0.5914324552903456,2.321928094887362,1.067252178394058,-0.2563242008148512,2.321928094887362,0.3244444444444444,0.1555555555555555
ravdess,44,3,64.0,False,22.4,3.2,26,101.6,0.146875,0.078450075239066,0.1566666666666666,0.6595892411168347,-0.0896504659296417,2.321928094887362,0.2600854626963644,-0.0722711307453161,2.321928094887362,0.4983760243083222,-0.0998096631659786,2.321928094887362,0.3389280890140895,-0.0649897415240428,2.321928094887362,1.7473488467617226,-0.5895976600363344,2.321928094887362,1.1111294241762888,-0.1717236213502784,2.321928094887362,0.3688888888888889,0.2111111111111111
ravdess,44,4,32.0,False,11.2,1.6,25,91.4,0.1687499999999999,0.0582793546549113,0.1166666666666666,0.4449439452124815,-0.0505105154851097,2.321928094887362,0.1441266901080786,-0.0348269578630344,2.321928094887362,0.7145477651488952,-0.04939044695627,2.321928094887362,0.3325611870407536,-0.0552840284118203,2.321928094887362,2.0242485067066447,-0.7273022923693033,2.321928094887362,1.3791726522582175,-0.2253245758410327,2.321928094887362,0.2711111111111111,0.0888888888888889
ravdess,44,4,64.0,False,22.4,3.2,29,106.8,0.1937499999999999,0.1097808441558441,0.2066666666666666,0.5528222812052368,-0.0812901527243594,2.321928094887362,0.242720325396808,-0.081805301188893,2.321928094887362,1.0023392406609333,-0.0946425898275578,2.321928094887362,0.5680449530821732,-0.0444042809184663,2.321928094887362,1.9916465866034068,-0.6540891756245943,2.321928094887362,1.381355478140166,-0.198835101030248,2.321928094887362,0.3822222222222222,0.2277777777777777
ravdess,44,5,32.0,False,11.2,1.6,5,51.4,0.14453125,0.0595727540958148,0.1541666666666666,0.587770073742288,-0.0392060808436585,2.0,0.3007129349921527,-0.0249730067309092,2.0,0.5544506352944882,-0.0608339727215767,2.0,0.3139906121104594,-0.0478195750172991,2.0,1.386799880928233,-0.4214639790260652,2.0,0.9176258695910822,-0.2404668103855378,2.0,0.4777777777777777,0.3037037037037036
ravdess,44,5,64.0,False,22.4,3.2,3,41.9,0.16796875,0.0724762189352059,0.1791666666666666,0.4122540960128256,-0.0376986609988474,2.0,0.1401643936725156,-0.0225730785343469,2.0,0.4668891194864912,-0.0666053414492338,2.0,0.1251022687780485,-0.0723462842343161,2.0,1.392555450639045,-0.5584320231102411,2.0,0.8305794287769652,-0.2600321261295142,2.0,0.3805555555555556,0.1740740740740741
