dataset,variant,seed,fold,best_epoch,train_seconds,test_uar,test_macro_f1,h_linear_mi_lb_bits,h_linear_control_bits,h_linear_entropy_bits
cremad,inlp_trans,42,1,32,145.0,0.2043650793650794,0.11417515190829865,0.016963667783501002,-0.010049375871700406,4.169925001442313
cremad,inlp_trans,42,2,30,141.6,0.16666666666666666,0.048639258830341627,-0.000360947145033208,-0.0003673115689171169,4.1699193444441836
cremad,inlp_trans,42,3,29,144.4,0.6316106804478897,0.6330175125245091,-0.818988707686132,-0.6813694550038445,4.1699193444441836
cremad,inlp_trans,42,4,35,151.1,0.16666666666666666,0.04861878453038674,-0.24526994286031467,-0.41813086714453007,4.247550686408009
cremad,inlp_trans,42,5,29,138.7,0.16666666666666666,0.04861514623281038,0.0220224965481588,-0.07006057238941299,4.169716095873848
cremad,inlp_trans,43,1,23,130.7,0.16666666666666666,0.04861111111111111,0.028016396788381748,-0.016522052579378332,4.169925001442313
cremad,inlp_trans,43,2,31,90.5,0.16666666666666666,0.048639258830341627,-0.00517821359175219,-0.008799653541537111,4.1699193444441836
cremad,inlp_trans,43,3,36,83.6,0.16666666666666666,0.048639258830341627,-0.017183344153586688,-0.006016541395264419,4.1699193444441836
cremad,inlp_trans,43,4,30,81.3,0.16666666666666666,0.04861878453038674,0.038052020340649584,-0.0075873047481263,4.247550686408009
cremad,inlp_trans,43,5,40,77.9,0.16666666666666666,0.04861514623281038,-0.0003742060952980353,-0.0003742060952980353,4.169716095873848
cremad,inlp_trans,44,1,33,78.2,0.16666666666666666,0.04861111111111111,0.032980747057028914,-0.010479901405640035,4.169925001442313
cremad,inlp_trans,44,2,32,72.9,0.16666666666666666,0.048639258830341627,-0.009612622969034312,-0.007808444502276579,4.1699193444441836
cremad,inlp_trans,44,3,29,94.7,0.6550295311923219,0.6551863737814088,-0.7039972250746223,-0.5962902974540789,4.1699193444441836
cremad,inlp_trans,44,4,38,103.2,0.16666666666666666,0.04861878453038674,0.04889089641081945,-0.033092003351570476,4.247550686408009
cremad,inlp_trans,44,5,34,101.5,0.16666666666666666,0.04861514623281038,0.004860955110308041,-0.037426637355591375,4.169716095873848
cremad,leace_trainfit,42,1,32,144.2,0.4348544973544974,0.43273259293274585,-0.2290512109813152,-1.273667962602799,4.169925001442313
cremad,leace_trainfit,42,2,30,140.8,0.4060661990894549,0.4053517708666295,0.31355106837132585,-1.2670179823488796,4.1699193444441836
cremad,leace_trainfit,42,3,29,136.6,0.466116032976498,0.4685232302383227,-0.17683719046381174,-1.2146165215859215,4.1699193444441836
cremad,leace_trainfit,42,4,35,147.6,0.43285174756413697,0.4251536472985429,-0.4285795390438816,-1.587746367955691,4.247550686408009
cremad,leace_trainfit,42,5,29,136.7,0.4458136446462213,0.4522964266962182,-0.40216666331510886,-1.3919890033266116,4.169716095873848
cremad,leace_trainfit,43,1,23,130.3,0.42702821869488544,0.4274704844281158,-0.17166463004950572,-1.0288631706106823,4.169925001442313
cremad,leace_trainfit,43,2,31,90.4,0.4196290143964562,0.4144010129304247,0.18316428914759353,-1.4689698970579288,4.1699193444441836
cremad,leace_trainfit,43,3,36,83.6,0.4594099913867356,0.45758267461507834,-0.07913017226752483,-1.2188324103517054,4.1699193444441836
cremad,leace_trainfit,43,4,30,81.2,0.4489641995172969,0.44609178535107413,-0.19624172472058987,-1.457704965900544,4.247550686408009
cremad,leace_trainfit,43,5,40,77.9,0.4690663701782019,0.47165531948447376,-0.45905812801455426,-1.430496649613513,4.169716095873848
cremad,leace_trainfit,44,1,33,78.1,0.468694885361552,0.4683469846563502,-0.18970995050738093,-1.4489962262333016,4.169925001442313
cremad,leace_trainfit,44,2,32,72.8,0.4161437184692998,0.41476658036545766,0.1645657866680974,-1.336812161213273,4.1699193444441836
cremad,leace_trainfit,44,3,29,86.5,0.4691460563553586,0.46747084720621074,-0.4124513765240465,-1.4523676460710506,4.1699193444441836
cremad,leace_trainfit,44,4,38,102.1,0.4448690444265666,0.4401715144567524,0.04069407040086048,-1.4732963166212256,4.247550686408009
cremad,leace_trainfit,44,5,34,100.0,0.46939065443651745,0.469799359093196,-0.293033595285185,-1.2716666552433127,4.169716095873848
cremad,leace_trans,42,1,32,137.5,0.5222663139329806,0.5180217521273763,0.9073416578101199,-1.5411917671654738,4.169925001442313
cremad,leace_trans,42,2,30,133.2,0.508004183585579,0.5083893021764522,1.0482807657277222,-1.7129018730155643,4.1699193444441836
cremad,leace_trans,42,3,29,128.0,0.6038113695090439,0.6075476203464975,-0.6915428796610668,-1.5171227675182086,4.1699193444441836
cremad,leace_trans,42,4,35,140.6,0.5331746670242246,0.527932345013272,-0.9384059518143131,-1.6829373118706048,4.247550686408009
cremad,leace_trans,42,5,29,128.6,0.529287501158158,0.5331624715897177,-0.05751747876995417,-1.6251465559818925,4.169716095873848
cremad,leace_trans,43,1,23,121.0,0.5061728395061729,0.49965383428746407,-1.0430317841964092,-1.1692266960033093,4.169925001442313
cremad,leace_trans,43,2,31,89.5,0.5070659529961855,0.5010798786187931,-0.2566112728251033,-1.4278190126180643,4.1699193444441836
cremad,leace_trans,43,3,36,82.7,0.6080287929125139,0.6088286235636811,-0.8525661475580337,-1.144433544337196,4.1699193444441836
cremad,leace_trans,43,4,30,80.3,0.5614831947796549,0.557671790012363,-1.7291862771066837,-1.2311764069266982,4.247550686408009
cremad,leace_trans,43,5,40,76.9,0.5575156737391519,0.5558325732456755,0.10322511548541513,-1.513052843815708,4.169716095873848
cremad,leace_trans,44,1,33,77.3,0.5114638447971781,0.5142598374694175,-0.8173406989544931,-1.3769807097442541,4.169925001442313
cremad,leace_trans,44,2,32,71.8,0.48615725359911405,0.4840272328054622,0.8484230651570641,-1.67761553427514,4.1699193444441836
cremad,leace_trans,44,3,29,80.0,0.6101698043558509,0.6100277825637686,0.1837533565977969,-1.65273759610412,4.1699193444441836
cremad,leace_trans,44,4,38,93.4,0.5322304907481898,0.5229264527804945,-0.05129480255110508,-1.4178148560158368,4.247550686408009
cremad,leace_trans,44,5,34,91.4,0.5482071713147411,0.5519970498143575,-0.9972190726740333,-1.5559229077802241,4.169716095873848
cremad,plain,42,1,32,119.0,0.5778218694885361,0.5726349135921253,1.1494325278747266,-1.230140132771627,4.169925001442313
cremad,plain,42,2,30,116.5,0.5424818506213854,0.5390797745237902,1.2490243533473016,-1.3690497467014833,4.1699193444441836
cremad,plain,42,3,29,109.9,0.6396117878676019,0.6397490859428355,0.9202409506243332,-1.3028528560082586,4.1699193444441836
cremad,plain,42,4,35,121.1,0.6097926164297846,0.6020337242893664,0.8888565374230413,-1.5060382859236379,4.247550686408009
cremad,plain,42,5,29,111.8,0.6079804811760708,0.6073315211294515,1.1017734534359587,-1.317386025789884,4.169716095873848
cremad,plain,43,1,23,102.6,0.564263668430335,0.5540281618018186,1.0833811426363442,-0.9954345469094621,4.169925001442313
cremad,plain,43,2,31,87.7,0.5329949550879783,0.5293018501844814,1.4314858897967744,-1.2145628546445115,4.1699193444441836
cremad,plain,43,3,36,80.6,0.6425772117632583,0.6424526118529799,1.2542740100368777,-1.0353377950850824,4.1699193444441836
cremad,plain,43,4,30,78.0,0.6125413426298382,0.6037502439448852,1.2295398642046194,-1.1201669615016634,4.247550686408009
cremad,plain,43,5,40,75.0,0.6147379474350659,0.6109875154981361,1.0057447037673217,-1.2117006064198694,4.169716095873848
cremad,plain,44,1,33,75.0,0.5755070546737213,0.5708575285236505,1.0024996629107732,-1.308155607253096,4.169925001442313
cremad,plain,44,2,32,70.0,0.5469053771379353,0.5442352613916331,1.4010987336948397,-1.3408225028855885,4.1699193444441836
cremad,plain,44,3,29,65.8,0.6535222099175587,0.6527622007078059,1.0023528670467807,-1.3800160190007356,4.1699193444441836
cremad,plain,44,4,38,77.5,0.6128486189326897,0.6051531605669617,1.2376851619869398,-1.1407399368718183,4.247550686408009
cremad,plain,44,5,34,77.1,0.5982365113190647,0.5987938291649951,0.994919960485106,-1.351008939388918,4.169716095873848
cremad,subtract,42,1,32,128.8,0.6447310405643738,0.6340923184512666,-2.512123256227058,-1.244900378219051,4.169925001442313
cremad,subtract,42,2,30,124.8,0.6132428940568475,0.6096476855779527,-2.5018219958501096,-1.4360392166709515,4.1699193444441836
cremad,subtract,42,3,29,118.2,0.6627753168450844,0.6582970672964151,-2.4890478818564192,-1.307443400711703,4.1699193444441836
cremad,subtract,42,4,35,131.6,0.6455930991329222,0.6361112619092634,-2.5365540700211753,-1.4995979949745353,4.247550686408009
cremad,subtract,42,5,29,119.6,0.6552518607739585,0.6476489522514632,-2.5308855305211972,-1.3590757888180907,4.169716095873848
cremad,subtract,43,1,23,111.7,0.6428571428571429,0.6342231425149544,-2.393429530643255,-1.009025436885965,4.169925001442313
cremad,subtract,43,2,31,88.6,0.5978251507321274,0.5917174453725497,-2.4748295300197833,-1.2479209052633777,4.1699193444441836
cremad,subtract,43,3,36,81.6,0.668933800910545,0.663979183670767,-2.350666801439588,-1.0296622770076098,4.1699193444441836
cremad,subtract,43,4,30,79.2,0.6364418521498169,0.6261705278950477,-2.3746015783270833,-1.1493804653343593,4.247550686408009
cremad,subtract,43,5,40,76.0,0.660236573087495,0.6459214479183081,-2.904754098099093,-1.2910064175201503,4.169716095873848
cremad,subtract,44,1,33,76.2,0.628968253968254,0.6136787438199659,-2.4475250550178744,-1.2721908251526095,4.169925001442313
cremad,subtract,44,2,32,70.9,0.5910545096591608,0.5877632230872701,-2.6537269981418534,-1.391873511765981,4.1699193444441836
cremad,subtract,44,3,29,74.9,0.6786698658791682,0.6739632867177742,-2.6485949497813097,-1.3808907302479714,4.1699193444441836
cremad,subtract,44,4,38,84.1,0.6381123178689551,0.6260396359090986,-2.352465446024633,-1.1964583296586282,4.247550686408009
cremad,subtract,44,5,34,82.9,0.6448438802927824,0.6387294339905885,-2.8932424751936434,-1.3442579705482958,4.169716095873848
iemocap,inlp_trans,42,1,9,7.5,0.5416302204305548,0.4875836236173899,-0.18589472922532768,-0.15558530351582545,0.9836697149306288
iemocap,inlp_trans,42,2,24,24.0,0.5529019975658505,0.5357208547504444,-0.07807632119661767,-0.22006719832981825,0.9910444329385492
iemocap,inlp_trans,42,3,9,7.9,0.5335136106300589,0.5077378445464968,-0.07693224501765528,-0.12105503728735734,0.9973008701007469
iemocap,inlp_trans,42,4,15,37.3,0.6055669236810389,0.5593240764114359,-0.10911559779132796,-0.1222567814793617,0.9994846138022001
iemocap,inlp_trans,42,5,18,47.4,0.5205605406925997,0.4765397024717103,-0.2647145439258868,-0.21125635139581,0.9998765061155545
iemocap,inlp_trans,43,1,18,53.5,0.5732961895532629,0.5656903572697461,-0.20062978749272808,-0.20763511558230752,0.9836697149306288
iemocap,inlp_trans,43,2,11,51.6,0.5538397871794013,0.5307770518200562,-0.2013237028296705,-0.22385193949955984,0.9910444329385492
iemocap,inlp_trans,43,3,22,77.9,0.584555431923381,0.5782517374811418,-0.087768795145168,-0.13378218476309156,0.9973008701007469
iemocap,inlp_trans,43,4,15,60.1,0.587563724006164,0.5419412427736252,-0.10657873484367919,-0.19290401875049057,0.9994846138022001
iemocap,inlp_trans,43,5,10,64.1,0.4945577757554043,0.41473369463621,-0.2695565137706216,-0.10590947474811607,0.9998765061155545
iemocap,inlp_trans,44,1,12,65.8,0.5670928062879849,0.5233103388285871,-0.1621195335604262,-0.09833015932941636,0.9836697149306288
iemocap,inlp_trans,44,2,18,65.9,0.5588765688589062,0.537535786621381,-0.06569509343891877,-0.18802305799317398,0.9910444329385492
iemocap,inlp_trans,44,3,26,80.9,0.5527340880643097,0.5308624844024956,-0.17520693635634488,-0.21378535308733526,0.9973008701007469
iemocap,inlp_trans,44,4,32,70.3,0.6042897161303505,0.576663600151749,-0.09975141540247001,-0.20801781602911273,0.9994846138022001
iemocap,inlp_trans,44,5,25,71.7,0.46447849159767507,0.44428005937654624,-0.1380724498522542,-0.14377140688168033,0.9998765061155545
iemocap,leace_trainfit,42,1,9,7.4,0.460860524621459,0.43911885924966143,0.443777117106138,-0.16668393348725008,0.9836697149306288
iemocap,leace_trainfit,42,2,24,22.5,0.5403775177111809,0.5332055462808014,0.14205368041560595,-0.20013604670333784,0.9910444329385492
iemocap,leace_trainfit,42,3,9,6.9,0.5126108342736939,0.5021637698608344,0.25306117630378044,-0.13450962214421835,0.9973008701007469
iemocap,leace_trainfit,42,4,15,36.2,0.5447842690654121,0.49244276910235996,0.18244580301181434,-0.118542906836126,0.9994846138022001
iemocap,leace_trainfit,42,5,18,46.6,0.6001793118182671,0.5771636761010601,0.3581764876386331,-0.29936993053199157,0.9998765061155545
iemocap,leace_trainfit,43,1,18,52.7,0.527013051503328,0.5205436807021653,0.30667872224622406,-0.20350418857256303,0.9836697149306288
iemocap,leace_trainfit,43,2,11,49.7,0.5043970224632098,0.4897051639887142,0.08423972375674504,-0.14201515223106964,0.9910444329385492
iemocap,leace_trainfit,43,3,22,76.0,0.506039067248527,0.5040208085394056,0.19468269741840372,-0.12116191431525514,0.9973008701007469
iemocap,leace_trainfit,43,4,15,58.2,0.5323042509555809,0.48525103095997046,0.22509124220328092,-0.17600241639102354,0.9994846138022001
iemocap,leace_trainfit,43,5,10,62.5,0.5465317302575139,0.4975984670531319,0.42452808271311593,-0.126312211727574,0.9998765061155545
iemocap,leace_trainfit,44,1,12,64.0,0.5268920630400905,0.501908717232462,0.4182301681970243,-0.15782106457214695,0.9836697149306288
iemocap,leace_trainfit,44,2,18,64.1,0.514739785334613,0.5044741476886283,0.10440101248313594,-0.13682050959301517,0.9910444329385492
iemocap,leace_trainfit,44,3,26,79.6,0.47900371053263147,0.48149570786035917,0.11959885810967463,-0.20100100535932874,0.9973008701007469
iemocap,leace_trainfit,44,4,32,68.9,0.5468718101645277,0.5167686471855283,0.28236218535976454,-0.18994239941150226,0.9994846138022001
iemocap,leace_trainfit,44,5,25,70.5,0.5881148424051369,0.5615027457757953,0.48859840337381544,-0.16965480228612162,0.9998765061155545
iemocap,leace_trans,42,1,9,7.3,0.5486283108220739,0.49833512246856837,0.4792363674087431,-0.16118331271769404,0.9836697149306288
iemocap,leace_trans,42,2,24,21.3,0.5566543575597723,0.549469325350483,0.1282760907087459,-0.153818718746756,0.9910444329385492
iemocap,leace_trans,42,3,9,6.4,0.5275495690991141,0.5061321455781316,0.2963123227635702,-0.13088013140861277,0.9973008701007469
iemocap,leace_trans,42,4,15,35.1,0.6011988560150169,0.55128008504664,0.19084676659523236,-0.11131109386774074,0.9994846138022001
iemocap,leace_trans,42,5,18,45.8,0.510778094041885,0.4881618963546749,0.3768563954805245,-0.2781169479192346,0.9998765061155545
iemocap,leace_trans,43,1,18,51.8,0.5743988774099215,0.5609885764812982,0.3340249578357558,-0.20231578555619745,0.9836697149306288
iemocap,leace_trans,43,2,11,47.9,0.5355514242008061,0.5215302854154729,0.12469185521779202,-0.11357324311029748,0.9910444329385492
iemocap,leace_trans,43,3,22,74.2,0.5547601560400774,0.5517742791708693,0.20041868168831078,-0.11661723050386441,0.9973008701007469
iemocap,leace_trans,43,4,15,56.2,0.591410779870004,0.5497305222415668,0.22279940381313812,-0.16912465715837743,0.9994846138022001
iemocap,leace_trans,43,5,10,61.0,0.5297287900062475,0.4869628143520722,0.39691738672658405,-0.13101532427515739,0.9998765061155545
iemocap,leace_trans,44,1,12,62.3,0.5716184644910358,0.5360941676007134,0.4292555348702217,-0.1263773046641945,0.9836697149306288
iemocap,leace_trans,44,2,18,62.3,0.5465710119683066,0.5329267463660159,0.09794161399579338,-0.12276635921229195,0.9910444329385492
iemocap,leace_trans,44,3,26,78.2,0.5481816965619729,0.5240918326337279,0.18000684794750255,-0.19867244525534677,0.9973008701007469
iemocap,leace_trans,44,4,32,67.7,0.6050603142137395,0.5824612369491684,0.26442278226683613,-0.17993201663311809,0.9994846138022001
iemocap,leace_trans,44,5,25,69.3,0.5127349111504705,0.483818274847634,0.5435463427940942,-0.17500646372733175,0.9998765061155545
iemocap,plain,42,1,9,7.1,0.5308199515986329,0.48623660863208357,0.444998799683626,-0.15768302702014791,0.9836697149306288
iemocap,plain,42,2,24,19.4,0.5529019975658505,0.5357208547504444,0.151250371044775,-0.15250571168598281,0.9910444329385492
iemocap,plain,42,3,9,6.2,0.535435104022518,0.5137693444926188,0.256148001147103,-0.12841047079990853,0.9973008701007469
iemocap,plain,42,4,15,33.1,0.6062179653477056,0.560121656841203,0.17801099240012608,-0.10873640017203157,0.9994846138022001
iemocap,plain,42,5,18,44.3,0.5770486417554574,0.5536979494930651,0.3721179294342446,-0.26173292933590997,0.9998765061155545
iemocap,plain,43,1,18,50.3,0.580354314893718,0.5610608635438846,0.35441769200013806,-0.19409977905631948,0.9836697149306288
iemocap,plain,43,2,11,45.1,0.553859916003878,0.5303019665532158,0.1423778133117618,-0.11494906284646766,0.9910444329385492
iemocap,plain,43,3,22,71.0,0.5912347140314274,0.5875328162199855,0.1999588720579366,-0.11222332443037009,0.9973008701007469
iemocap,plain,43,4,15,52.9,0.5858164450269119,0.5401477518681007,0.21535301999925704,-0.16463779407444157,0.9994846138022001
iemocap,plain,43,5,10,58.2,0.5997667692574943,0.5557240545762295,0.43678814897317886,-0.11605213104119139,0.9998765061155545
iemocap,plain,44,1,12,59.0,0.5650717243416025,0.5219903516749388,0.4363236758503344,-0.11744358821045164,0.9836697149306288
iemocap,plain,44,2,18,59.2,0.5572987287467043,0.5355026665330364,0.18155849778385091,-0.12039054940044014,0.9910444329385492
iemocap,plain,44,3,26,75.9,0.5526239703555077,0.5311664828194169,0.1892811337088226,-0.1964727519558529,0.9973008701007469
iemocap,plain,44,4,32,66.0,0.6027906760599714,0.5752274051192949,0.26526607265332314,-0.1727646558018202,0.9994846138022001
iemocap,plain,44,5,25,66.7,0.5780524632952645,0.5493345540878385,0.4892887667956032,-0.16670146906718253,0.9998765061155545
iemocap,subtract,42,1,9,7.2,0.5551017337940924,0.4900796425674667,0.027921366112226842,-0.1979227143945148,0.9836697149306288
iemocap,subtract,42,2,24,20.4,0.5618685301940863,0.5356340032638622,-0.03974637851807061,-0.17187078895512153,0.9910444329385492
iemocap,subtract,42,3,9,6.3,0.5521102016835612,0.5134040806061446,-0.2316629879383063,-0.13120643682657795,0.9973008701007469
iemocap,subtract,42,4,15,34.1,0.5956627105773851,0.5597863271034602,0.315792371427315,-0.14488692653832247,0.9994846138022001
iemocap,subtract,42,5,18,45.1,0.6068207870355489,0.5703111619998821,-0.2369227449869663,-0.2957243919881761,0.9998765061155545
iemocap,subtract,43,1,18,51.1,0.5739655610196215,0.5147443409097662,-0.09967393879119468,-0.23115802881603886,0.9836697149306288
iemocap,subtract,43,2,11,46.5,0.5492050358350119,0.5172347521094356,0.18020538683035425,-0.11157858767797613,0.9910444329385492
iemocap,subtract,43,3,22,72.6,0.5729918820660156,0.5536066996364187,-0.01258966759663016,-0.14296873192547754,0.9973008701007469
iemocap,subtract,43,4,15,54.5,0.5984341472990518,0.5617783381988074,-0.05980918224156728,-0.16935907569444464,0.9994846138022001
iemocap,subtract,43,5,10,59.6,0.5762629190308373,0.5328001536063305,0.12322475850103598,-0.15346381609712434,0.9998765061155545
iemocap,subtract,44,1,12,60.6,0.5724164314688005,0.5051282609644379,0.15794108777340832,-0.15306571303120764,0.9836697149306288
iemocap,subtract,44,2,18,60.6,0.5605530565956762,0.5109594803279995,0.40302360163204765,-0.12837656835744304,0.9910444329385492
iemocap,subtract,44,3,26,77.0,0.528335368796367,0.47102050595565054,0.09727675641552302,-0.18115147315123958,0.9973008701007469
iemocap,subtract,44,4,32,67.0,0.593680117553416,0.5414901183992424,-0.0580229202481678,-0.20569079608021024,0.9994846138022001
iemocap,subtract,44,5,25,68.1,0.5872952031524318,0.5254280793876682,-0.3502294302718928,-0.1709760549570981,0.9998765061155545
ravdess,inlp_trans,42,1,17,23.8,0.48750000000000004,0.4717701129685157,-0.10866631237345814,-0.18719019540985204,2.3219280948873626
ravdess,inlp_trans,42,2,23,25.7,0.4125,0.39440259992542653,-0.25140895877352865,-0.25452732384460264,2.3219280948873626
ravdess,inlp_trans,42,3,21,21.4,0.5,0.4696987580945209,-0.22297555647346723,-0.3782528984925664,2.3219280948873626
ravdess,inlp_trans,42,4,22,21.1,0.40625,0.37632822956613277,-0.42029328529267707,-0.28435710896032074,2.3219280948873626
ravdess,inlp_trans,42,5,36,18.3,0.48046875,0.4662914730996225,-0.5671822716170096,-0.30347191319350264,2.0
ravdess,inlp_trans,43,1,32,21.9,0.49375,0.485774394092425,-0.336511847383842,-0.24441242087227755,2.3219280948873626
ravdess,inlp_trans,43,2,33,20.6,0.475,0.4676531718696601,-0.3596816145867554,-0.39255407330051817,2.3219280948873626
ravdess,inlp_trans,43,3,30,25.7,0.475,0.4134207334558224,-0.260691004613526,-0.2570322512580492,2.3219280948873626
ravdess,inlp_trans,43,4,21,25.4,0.403125,0.3794856458592639,-0.454285921571957,-0.21278673648518476,2.3219280948873626
ravdess,inlp_trans,43,5,26,24.1,0.4140625,0.36968506875128265,-0.39991050597327016,-0.12423792911691489,2.0
ravdess,inlp_trans,44,1,17,19.2,0.471875,0.46626878965414476,-0.23047644733555472,-0.23183837689011622,2.3219280948873626
ravdess,inlp_trans,44,2,14,18.5,0.43125,0.4179077539535764,-0.4718802163809648,-0.41894507443453,2.3219280948873626
ravdess,inlp_trans,44,3,14,17.5,0.478125,0.4427414710518305,-0.07369995414247477,-0.27693337046540023,2.3219280948873626
ravdess,inlp_trans,44,4,29,10.1,0.43124999999999997,0.40940002261270636,-0.37911222137288725,-0.24524978749013737,2.3219280948873626
ravdess,inlp_trans,44,5,14,7.8,0.3203125,0.27905795737566697,-0.395501009449041,-0.29644150137385816,2.0
ravdess,leace_trainfit,42,1,17,22.1,0.45625,0.4405957580137625,1.1107125841721235,-0.5593303917217072,2.3219280948873626
ravdess,leace_trainfit,42,2,23,24.5,0.403125,0.3897027249954708,1.5415652800145323,-0.715853757239207,2.3219280948873626
ravdess,leace_trainfit,42,3,21,20.1,0.425,0.39615060192135443,1.4336297733779397,-0.6688222593866215,2.3219280948873626
ravdess,leace_trainfit,42,4,22,19.8,0.45625,0.4159330684803449,1.1966079333990944,-0.8023762711526805,2.3219280948873626
ravdess,leace_trainfit,42,5,36,17.3,0.44921875,0.4332207450788531,0.8719484609275538,-0.7902230409452216,2.0
ravdess,leace_trainfit,43,1,32,20.0,0.47187500000000004,0.46481477153639483,1.3326857405968136,-0.7541222214011265,2.3219280948873626
ravdess,leace_trainfit,43,2,33,18.8,0.453125,0.45144869821160827,0.9169741922641514,-0.8074598791236527,2.3219280948873626
ravdess,leace_trainfit,43,3,30,24.8,0.47187499999999993,0.4323823420249896,1.1203039242983743,-0.5623154822096561,2.3219280948873626
ravdess,leace_trainfit,43,4,21,24.5,0.46875,0.4366449493069603,1.3405088088896358,-0.6911194689512525,2.3219280948873626
ravdess,leace_trainfit,43,5,26,23.5,0.37890625,0.3577009808265019,0.7337566921431884,-0.24968240731725322,2.0
ravdess,leace_trainfit,44,1,17,18.3,0.446875,0.4423689226710763,1.5515252765430776,-0.5973415196483427,2.3219280948873626
ravdess,leace_trainfit,44,2,14,17.6,0.36874999999999997,0.35611659226611986,1.2690128536933993,-0.90601462054802,2.3219280948873626
ravdess,leace_trainfit,44,3,14,16.6,0.434375,0.40738812847998984,1.0311575693994992,-0.5157477176411125,2.3219280948873626
ravdess,leace_trainfit,44,4,29,9.5,0.50625,0.4857422155281678,1.2040032303534114,-0.5229526943775928,2.3219280948873626
ravdess,leace_trainfit,44,5,14,7.3,0.39453125,0.35932513920155074,0.820382110580189,-0.6424464698694963,2.0
ravdess,leace_trans,42,1,17,20.5,0.484375,0.4750375826659494,2.1034289895962144,-0.2682038754678575,2.3219280948873626
ravdess,leace_trans,42,2,23,23.7,0.509375,0.48896222910379833,2.2724886557999096,-0.45261575484372774,2.3219280948873626
ravdess,leace_trans,42,3,21,19.3,0.515625,0.4780586745549058,2.2732141691747723,-0.512741215793481,2.3219280948873626
ravdess,leace_trans,42,4,22,18.7,0.478125,0.4503584657750867,2.1766261004223764,-0.7825434183656914,2.3219280948873626
ravdess,leace_trans,42,5,36,16.4,0.5078125,0.5027068408275128,1.7615273251037906,-0.422950202957745,2.0
ravdess,leace_trans,43,1,32,18.5,0.540625,0.5213998919700641,2.207335711646831,-0.4952045020186735,2.3219280948873626
ravdess,leace_trans,43,2,33,17.1,0.559375,0.5544610740585943,2.250022749399009,-0.5723957839679898,2.3219280948873626
ravdess,leace_trans,43,3,30,24.0,0.49374999999999997,0.4417337320869533,2.2427031247428393,-0.40999541043916876,2.3219280948873626
ravdess,leace_trans,43,4,21,23.7,0.47187499999999993,0.43671030313473086,2.2455122151605584,-0.40284119323337864,2.3219280948873626
ravdess,leace_trans,43,5,26,22.8,0.484375,0.4643340503186012,1.9223776828073231,-0.3820188806059033,2.0
ravdess,leace_trans,44,1,17,17.6,0.490625,0.48091857998478266,2.2615431842460465,-0.3473727934677924,2.3219280948873626
ravdess,leace_trans,44,2,14,16.9,0.496875,0.4799394300858155,2.274265828300101,-0.6542900541294676,2.3219280948873626
ravdess,leace_trans,44,3,14,15.7,0.50625,0.46839869509963106,1.8775353109357302,-0.4565687384900947,2.3219280948873626
ravdess,leace_trans,44,4,29,9.0,0.521875,0.5003219128559351,2.1326666054145553,-0.4519685680800678,2.3219280948873626
ravdess,leace_trans,44,5,14,6.8,0.3984375,0.3751784443897499,1.8989876387238807,-0.3218095641046168,2.0
ravdess,plain,42,1,17,17.4,0.490625,0.47285118509276625,1.3272450753778335,-0.2601965602530747,2.3219280948873626
ravdess,plain,42,2,23,21.0,0.43125,0.4099911921583748,1.3746584327998024,-0.3775224936962971,2.3219280948873626
ravdess,plain,42,3,21,16.6,0.490625,0.4645080052196634,1.3081800557281715,-0.417592977334472,2.3219280948873626
ravdess,plain,42,4,22,16.3,0.48437499999999994,0.4506950044284643,1.4496655885201126,-0.5585655934316347,2.3219280948873626
ravdess,plain,42,5,36,14.6,0.4765625,0.460972466798738,0.8322788555910181,-0.33033885432962284,2.0
ravdess,plain,43,1,32,15.5,0.503125,0.49048645700893,1.459243376216711,-0.4367998472471353,2.3219280948873626
ravdess,plain,43,2,33,13.9,0.48125,0.46718918878404003,1.340270661004753,-0.5220104686617839,2.3219280948873626
ravdess,plain,43,3,30,21.9,0.496875,0.44184664253753,1.3307787457435705,-0.32093646476738513,2.3219280948873626
ravdess,plain,43,4,21,21.4,0.471875,0.4303702551001434,1.260512959068792,-0.3170060024533048,2.3219280948873626
ravdess,plain,43,5,26,21.6,0.44921875,0.4288983430659087,0.8338683430804013,-0.25141193493619474,2.0
ravdess,plain,44,1,17,15.9,0.459375,0.44992073269830357,1.3131853966298668,-0.2878609572397366,2.3219280948873626
ravdess,plain,44,2,14,15.3,0.471875,0.44455319666258,1.243253893494059,-0.5221866976430607,2.3219280948873626
ravdess,plain,44,3,14,12.9,0.46562500000000007,0.4346226589902927,1.291151425106915,-0.36249562101060206,2.3219280948873626
ravdess,plain,44,4,29,7.9,0.5,0.4760665935975651,1.3827015006442893,-0.3960469337829493,2.3219280948873626
ravdess,plain,44,5,14,5.9,0.41796875,0.3867987539226885,0.8771366664835114,-0.2645742145985013,2.0
ravdess,subtract,42,1,17,19.2,0.49375,0.41069229450692657,-0.9238145004163862,-0.21728019980038615,2.3219280948873626
ravdess,subtract,42,2,23,22.8,0.484375,0.3900554235219712,-0.9799209874273132,-0.4204338391830871,2.3219280948873626
ravdess,subtract,42,3,21,18.5,0.425,0.34255017156530765,-1.2867626236673684,-0.595815401164558,2.3219280948873626
ravdess,subtract,42,4,22,17.6,0.453125,0.3764957794565736,-1.0595376278022361,-0.7346302884796909,2.3219280948873626
ravdess,subtract,42,5,36,15.8,0.53515625,0.4673362304617401,-1.0946169578957146,-0.5742346102578693,2.0
ravdess,subtract,43,1,32,17.4,0.50625,0.4631771054797446,-1.3159088519593225,-0.4037010380897028,2.3219280948873626
ravdess,subtract,43,2,33,15.8,0.525,0.46087884238315996,-1.2170613581376974,-0.4711908391972033,2.3219280948873626
ravdess,subtract,43,3,30,23.4,0.409375,0.34422032645716855,-1.2640269659938594,-0.3158788950670708,2.3219280948873626
ravdess,subtract,43,4,21,23.1,0.46249999999999997,0.3847841582858062,-1.1373189875076481,-0.34317288136489177,2.3219280948873626
ravdess,subtract,43,5,26,22.3,0.515625,0.4589492953854656,-1.1557164614011923,-0.26339651946862785,2.0
ravdess,subtract,44,1,17,16.9,0.484375,0.40466140837237563,-0.9091170946294089,-0.28271505098692407,2.3219280948873626
ravdess,subtract,44,2,14,16.3,0.446875,0.3435567173700172,-1.3706378296711939,-0.7107112645343596,2.3219280948873626
ravdess,subtract,44,3,14,14.8,0.44375,0.3518683637675335,-1.0807683220672986,-0.43488239085325286,2.3219280948873626
ravdess,subtract,44,4,29,8.5,0.465625,0.4001280473791561,-1.0639609496737052,-0.3894576701097918,2.3219280948873626
ravdess,subtract,44,5,14,6.4,0.3984375,0.3021534366100131,-0.8508044831658825,-0.30781518122941653,2.0
