dataset,mode,seed,fold,kappa,best_epoch,train_seconds,test_uar,test_macro_f1,test_acc,c_aff_linear_mi_lb_bits,c_aff_linear_control_bits,c_aff_linear_entropy_bits,c_aff_mlp_mi_lb_bits,c_aff_mlp_control_bits,c_aff_mlp_entropy_bits,c_style_linear_mi_lb_bits,c_style_linear_control_bits,c_style_linear_entropy_bits,c_style_mlp_mi_lb_bits,c_style_mlp_control_bits,c_style_mlp_entropy_bits,h_linear_mi_lb_bits,h_linear_control_bits,h_linear_entropy_bits,h_mlp_mi_lb_bits,h_mlp_control_bits,h_mlp_entropy_bits
ravdess,floor,42,1,0.0,25,9.0,0.290625,0.2439651521545972,0.31,0.41788463845000723,-0.027121232852865162,2.3219280948873626,0.04597663603937763,-0.024595871969646854,2.3219280948873626,0.9480029430327399,-0.03537271961713895,2.3219280948873626,0.7077074134758539,-0.014324939035569084,2.3219280948873626,1.1838517547294949,-0.8880871018788268,2.3219280948873626,0.9833454506264405,-0.2918267818919347,2.3219280948873626
ravdess,floor,42,1,0.5,28,13.4,0.290625,0.24489209221617608,0.30666666666666664,0.2677080158686804,-0.022617123390618943,2.3219280948873626,0.047651709800941244,-0.013839636389119114,2.3219280948873626,0.8761010120097692,-0.03475191439503922,2.3219280948873626,0.7314084480607346,-0.01545327278842068,2.3219280948873626,1.0725133481086733,-1.0092861037453607,2.3219280948873626,0.7819954291745164,-0.27526156585249595,2.3219280948873626
ravdess,floor,42,1,1.0,13,8.6,0.28125,0.18754604067104066,0.3,0.08716664474642055,-0.04060304791358371,2.3219280948873626,0.0751030445448242,-0.01828839199853949,2.3219280948873626,0.3592603555561038,-0.04462854596514765,2.3219280948873626,0.24058501773562657,-0.029221963193694744,2.3219280948873626,1.0585803644973413,-0.321059455947164,2.3219280948873626,0.6203379813907508,-0.1181955793510645,2.3219280948873626
ravdess,floor,42,1,2.0,14,8.9,0.290625,0.19224126669956149,0.31,0.10541011711465575,-0.03891871766218058,2.3219280948873626,0.05557631072573299,-0.0413797080938485,2.3219280948873626,0.7043849979624079,-0.02170994165197948,2.3219280948873626,0.36680487854127475,-0.020229440925483733,2.3219280948873626,1.1086303809791733,-0.7205564415429997,2.3219280948873626,0.8225060167584435,-0.21279854769943674,2.3219280948873626
ravdess,floor,42,1,4.0,24,12.1,0.265625,0.1906045931937273,0.28,0.22966663360685002,-0.062391545984625374,2.3219280948873626,0.01142295633376067,-0.030011787616764263,2.3219280948873626,0.8741793515946243,-0.032048966401763135,2.3219280948873626,0.5552643582864938,-0.025061747495161768,2.3219280948873626,1.2186136222432757,-0.7620605588073546,2.3219280948873626,0.8645609905375848,-0.2944133602336807,2.3219280948873626
ravdess,floor,42,1,8.0,2,5.3,0.140625,0.06047077922077922,0.15,0.6321486237794638,-0.0760520380059071,2.3219280948873626,0.3612344562508809,-0.025430853558081612,2.3219280948873626,0.6523671419107282,-0.07137247364252142,2.3219280948873626,0.3638232363641336,-0.04343538743240094,2.3219280948873626,1.60961274091862,-0.6218881041115325,2.3219280948873626,1.161956038032587,-0.16183942867665113,2.3219280948873626
ravdess,floor,42,1,16.0,30,14.7,0.24687499999999998,0.11646825396825397,0.2633333333333333,0.7251175073344049,-0.02452381144253879,2.3219280948873626,0.34750082750349676,-0.038380079528512745,2.3219280948873626,0.45048444655856734,-0.032909776523516676,2.3219280948873626,0.16828566079024876,-0.06269947811695653,2.3219280948873626,1.327345012496996,-0.4895673515375951,2.3219280948873626,0.7698593818768154,-0.21956360392072405,2.3219280948873626
ravdess,floor,42,2,0.0,15,6.9,0.31562500000000004,0.26945632634895544,0.33666666666666667,0.27133207569922213,-0.020967961478877584,2.3219280948873626,0.06284799900399829,-0.008150390515241579,2.3219280948873626,1.145973721082477,-0.026335478118341804,2.3219280948873626,0.9089380409863432,-0.007873182246060484,2.3219280948873626,1.6910169318039188,-0.5155517887578349,2.3219280948873626,1.3537992928427873,-0.08244342786149783,2.3219280948873626
ravdess,floor,42,2,0.5,20,11.1,0.284375,0.23800441086067872,0.30333333333333334,0.2851489562471201,-0.03707668762935867,2.3219280948873626,-0.0026270412191129466,-0.02658406789251,2.3219280948873626,1.0913711019952819,-0.02773452767306006,2.3219280948873626,0.6976163703994496,-0.01824857605849406,2.3219280948873626,1.4839083563463729,-0.7977144682789916,2.3219280948873626,1.1499894578703473,-0.2419327928318662,2.3219280948873626
ravdess,floor,42,2,1.0,26,13.1,0.34375,0.3251419563219936,0.3566666666666667,0.21454691248622204,-0.0392656252032193,2.3219280948873626,0.03633782517570738,-0.01551971467915969,2.3219280948873626,1.1994217774797702,-0.005048635501570864,2.3219280948873626,0.743347097645864,-0.007162575679668937,2.3219280948873626,1.7497947542305214,-0.43951790539311375,2.3219280948873626,1.2844665642231294,-0.1976799376121594,2.3219280948873626
ravdess,floor,42,2,2.0,26,8.2,0.303125,0.27589803290259607,0.31666666666666665,0.1741043497407655,-0.040648610791166995,2.3219280948873626,0.059224562459430974,-0.0184311841852014,2.3219280948873626,1.085307821975054,-0.03204827242001551,2.3219280948873626,0.7078115299614203,-0.010938337956582611,2.3219280948873626,1.6578888773509457,-0.6864023574174078,2.3219280948873626,1.1750700195561403,-0.2073899005126929,2.3219280948873626
ravdess,floor,42,2,4.0,20,11.0,0.259375,0.16395624609309464,0.27666666666666667,0.30212134034698,-0.028298228833684824,2.3219280948873626,0.02800663494618849,-0.019677677139396277,2.3219280948873626,1.0050290395390085,-0.0054098319889099855,2.3219280948873626,0.5236906262868941,-0.045058477463363555,2.3219280948873626,1.7249140571763824,-0.6341276702121452,2.3219280948873626,1.3715427478956475,-0.15046545705430292,2.3219280948873626
ravdess,floor,42,2,8.0,32,14.5,0.3,0.22472614160989368,0.28,0.3525506431155925,-0.037544355648361005,2.3219280948873626,0.16360584722545113,-0.011350714917547577,2.3219280948873626,0.9489858422897957,-0.06759026819536373,2.3219280948873626,0.5438754822343226,-0.038146251713981894,2.3219280948873626,1.7547734559862045,-0.8597744076228335,2.3219280948873626,1.224692579549417,-0.15103511336966724,2.3219280948873626
ravdess,floor,42,2,16.0,18,9.3,0.1875,0.08087544065804936,0.2,1.1903093034482672,-0.04712107643999763,2.3219280948873626,0.7574223433582026,-0.034437324931613666,2.3219280948873626,1.207042913925676,-0.051394247843081775,2.3219280948873626,0.8003448127990518,-0.05190067382695762,2.3219280948873626,1.802467256950551,-1.0501731892133574,2.3219280948873626,1.3296989699418735,-0.27106520380560317,2.3219280948873626
ravdess,floor,42,3,0.0,19,5.4,0.29375,0.23447757465352773,0.31333333333333335,0.35089600697627965,-0.03221766258315606,2.3219280948873626,0.016147853216267105,-0.051115492956063324,2.3219280948873626,0.9483690178449264,-0.03944108362423249,2.3219280948873626,0.353652573477639,-0.02748170555626883,2.3219280948873626,1.5697923792714774,-1.0153548349803563,2.3219280948873626,1.0602446756376271,-0.139203723741526,2.3219280948873626
ravdess,floor,42,3,0.5,19,10.2,0.29375,0.254256024911634,0.31,0.3250886033915896,-0.029243084188043333,2.3219280948873626,-0.00937316402029964,-0.052325175828900505,2.3219280948873626,1.0223961140733606,-0.02556002811644076,2.3219280948873626,0.3450601818411132,-0.02665252194688783,2.3219280948873626,1.3677899110953922,-1.0428083693989114,2.3219280948873626,1.1120238062853292,-0.2814600957002802,2.3219280948873626
ravdess,floor,42,3,1.0,11,7.0,0.2375,0.15788153459042356,0.25333333333333335,0.3222373314755347,-0.03370738509856519,2.3219280948873626,0.027517153915030068,-0.032763484285567746,2.3219280948873626,0.5785011244544334,-0.001353084158528084,2.3219280948873626,0.3353568638471873,-0.031681687667066694,2.3219280948873626,1.189780301879036,-0.5659601721127805,2.3219280948873626,0.6582620988530403,-0.1834320162656624,2.3219280948873626
ravdess,floor,42,3,2.0,26,13.0,0.303125,0.26482593133420473,0.31666666666666665,0.17568857263866144,-0.030390050417766545,2.3219280948873626,0.030379156942273777,-0.01222023768127789,2.3219280948873626,0.7617753842541306,0.001198326052924692,2.3219280948873626,0.31468142227593,-0.019423802443290228,2.3219280948873626,1.1470032232808545,-0.9200598188509628,2.3219280948873626,0.8601111370185734,-0.17006676797494613,2.3219280948873626
ravdess,floor,42,3,4.0,23,10.8,0.3,0.24945969994174794,0.2966666666666667,0.3832752311945462,-0.030094530922743612,2.3219280948873626,0.036290846112170705,-0.042381444983655925,2.3219280948873626,0.7060970107965119,0.0007766766550560966,2.3219280948873626,0.4220318972015229,-0.042258565690135086,2.3219280948873626,1.5551200276957364,-0.444553375804948,2.3219280948873626,1.1368222173257982,-0.1124448311466617,2.3219280948873626
ravdess,floor,42,3,8.0,26,13.0,0.2375,0.14775067039004453,0.19666666666666666,0.291828100414921,-0.06805078544003473,2.3219280948873626,0.05956146142447816,-0.05156969433685665,2.3219280948873626,0.3605260414404625,-0.0092188361462755,2.3219280948873626,0.0858115726458002,-0.028375627881537024,2.3219280948873626,1.5628250323407564,-0.9021227829524854,2.3219280948873626,0.9760405399379268,-0.2399579153988216,2.3219280948873626
ravdess,floor,42,3,16.0,21,10.6,0.21250000000000002,0.12285030758714968,0.22666666666666666,0.7845825508317039,-0.019173964722594583,2.3219280948873626,0.4205442472383336,-0.01931440294903597,2.3219280948873626,0.8415354851909322,-0.05974553694713958,2.3219280948873626,0.3713376598360574,-0.0335182346751175,2.3219280948873626,1.7453143124764923,-0.4741214018410025,2.3219280948873626,1.0619380041539022,-0.20473284009036385,2.3219280948873626
ravdess,floor,42,4,0.0,17,6.6,0.33437500000000003,0.28321957845800766,0.35,0.19604904122904943,-0.03156556050477821,2.3219280948873626,0.06569699143067442,-0.052485004329713814,2.3219280948873626,0.829656329260477,-0.06543129046668872,2.3219280948873626,0.48221862156273176,-0.04454711934358624,2.3219280948873626,1.30315877414064,-0.6282034238892242,2.3219280948873626,1.0495938530029847,-0.21051768498121248,2.3219280948873626
ravdess,floor,42,4,0.5,18,8.4,0.334375,0.28917795878033414,0.35,0.11893065134072645,-0.0175945217509903,2.3219280948873626,0.02491145894414082,-0.05663921763094315,2.3219280948873626,0.881014314446021,-0.04542590530644741,2.3219280948873626,0.39818522799175216,-0.017931123462631593,2.3219280948873626,1.4261914694700057,-0.5234246462339636,2.3219280948873626,0.8120714517736318,-0.19154480790704564,2.3219280948873626
ravdess,floor,42,4,1.0,20,10.8,0.303125,0.2235545692162482,0.32,0.12034471736074304,-0.023714393041606385,2.3219280948873626,0.03850654834686207,-0.026028931442945602,2.3219280948873626,0.7296899945683435,-0.03639467726786938,2.3219280948873626,0.38991139445263334,-0.03394600318543217,2.3219280948873626,1.5033784775010397,-0.9474084555679712,2.3219280948873626,0.9719555441808736,-0.220491724747224,2.3219280948873626
ravdess,floor,42,4,2.0,17,9.5,0.33124999999999993,0.26508292631460373,0.35333333333333333,0.10655359947328957,-0.027149511195814657,2.3219280948873626,0.04414063243954658,-0.06304088131004493,2.3219280948873626,0.45513435224847076,-0.06869886924743307,2.3219280948873626,0.16830672878114283,-0.03258527310868553,2.3219280948873626,1.2911892429474734,-0.6558577000267998,2.3219280948873626,0.4108328338053897,-0.21544562606384066,2.3219280948873626
ravdess,floor,42,4,4.0,22,10.9,0.321875,0.2432504076606932,0.3433333333333333,0.19288406034479566,-0.05573936449916861,2.3219280948873626,0.040294296392892726,-0.03683093359009293,2.3219280948873626,0.41230300443951595,-0.02797519104321733,2.3219280948873626,0.2748924749453838,-0.03039111086941526,2.3219280948873626,1.4652433666852747,-0.5641225580771558,2.3219280948873626,0.7885645721890693,-0.22668066515716978,2.3219280948873626
ravdess,floor,42,4,8.0,1,3.8,0.125,0.029411764705882353,0.13333333333333333,0.37992857245880685,-0.025183146880931595,2.3219280948873626,0.2354241276420601,-0.018504455553367993,2.3219280948873626,0.4511264599912954,-0.03848911556262058,2.3219280948873626,0.25223916225007814,-0.02377196672788795,2.3219280948873626,1.9966052107364975,-1.1776009416913258,2.3219280948873626,1.169906292299293,-0.26124674582063623,2.3219280948873626
ravdess,floor,42,4,16.0,28,13.3,0.24375,0.13881190093473061,0.25666666666666665,0.27841204158386956,-0.03874136516593207,2.3219280948873626,0.03673494246502296,-0.022949317929447766,2.3219280948873626,0.7974064635719142,-0.031036946002686694,2.3219280948873626,0.32065131417786397,-0.051535158202595355,2.3219280948873626,1.7578453724334904,-0.7359741349318027,2.3219280948873626,1.150042240278682,-0.2966181388049236,2.3219280948873626
ravdess,floor,42,5,0.0,24,8.4,0.32421875,0.2893920489264412,0.3375,0.2665071222192197,-0.0597396419866798,2.0,-0.019932776487775694,-0.04601290385027346,2.0,1.132434221848183,-0.08107897287361165,2.0,0.5360461281738627,-0.010823834751685357,2.0,1.5826960710914821,-0.9525658526202134,2.0,1.2138807522920865,-0.27483741892160163,2.0
ravdess,floor,42,5,0.5,29,14.9,0.38671875,0.38253997009431795,0.39166666666666666,0.11130481280007132,-0.037707276737935835,2.0,-0.003568348943756572,-0.042435380245937626,2.0,1.2200910415246131,-0.022718875165239183,2.0,0.5108452858760395,-0.014714609192166161,2.0,1.5012828807779706,-0.8059749680333148,2.0,1.1289239224346508,-0.27298105359931313,2.0
ravdess,floor,42,5,1.0,24,12.8,0.34765625,0.31507769132569874,0.35,0.006632070110451194,-0.0438196483427169,2.0,-0.017016280664091443,-0.05363470884282151,2.0,1.022194397379701,-0.02972738306782663,2.0,0.5622628540001309,-0.017912496320314553,2.0,1.4638885047452401,-0.8004371372790686,2.0,1.0275448209360922,-0.27183916139943065,2.0
ravdess,floor,42,5,2.0,39,12.3,0.3671875,0.34879551985412105,0.35833333333333334,0.08246732416437053,-0.04435580173676179,2.0,-0.002222581166530624,-0.04415482899010925,2.0,1.065513483032456,-0.031447711707002224,2.0,0.5348302173563431,-0.01830135407958089,2.0,1.5644340559143506,-1.02967319634157,2.0,1.3552876724105485,-0.163438772184056,2.0
ravdess,floor,42,5,4.0,26,8.2,0.296875,0.23385045958070408,0.2875,0.16653028998191766,-0.03145873361820373,2.0,0.0051730426136067376,-0.03178233407083342,2.0,0.5563841807029279,-0.026319409266942984,2.0,0.25656481256504127,-0.0027773047970716114,2.0,1.204328305787254,-1.7640682844289248,2.0,0.7946169499247289,-0.17541893609110337,2.0
ravdess,floor,42,5,8.0,1,4.1,0.125,0.029411764705882353,0.13333333333333333,0.847260846189281,-0.07966637444173363,2.0,0.34810200682012926,-0.014153329524545288,2.0,0.6286086076184016,-0.05337263768289624,2.0,0.2961969248236742,-0.01850789058673241,2.0,1.6636995759929958,-1.0763160499185682,2.0,0.83193849894142,-0.14892896698508062,2.0
ravdess,floor,42,5,16.0,11,7.8,0.15625,0.06575511209657552,0.16666666666666666,0.2866680297833135,-0.06252542656162952,2.0,0.1706861038669123,-0.03232692290206973,2.0,0.41888987180100745,-0.07728112486144223,2.0,0.13881181766712114,-0.03741311299856509,2.0,1.377609082035658,-0.7864795778315519,2.0,0.6082944944732984,-0.10230617222584115,2.0
ravdess,floor,43,1,0.0,36,10.5,0.33125000000000004,0.3054353665158604,0.35333333333333333,0.2491107233055736,-0.07009028434924414,2.3219280948873626,-0.04588670886173185,-0.07941109284946135,2.3219280948873626,0.9554395179853197,-0.036827114726388555,2.3219280948873626,0.32692036315707784,-0.03442615950495931,2.3219280948873626,1.1930682853463193,-0.7575360281666699,2.3219280948873626,0.6511237633708566,-0.2713114624849271,2.3219280948873626
ravdess,floor,43,1,0.5,24,12.0,0.303125,0.2524978020480812,0.31666666666666665,0.36035322720881346,-0.075877848058298,2.3219280948873626,-0.04290955832247034,-0.059905626975655046,2.3219280948873626,0.9409835067315766,-0.030077686619210287,2.3219280948873626,0.33127580891948694,-0.049315817755442026,2.3219280948873626,1.2149385473759267,-0.5652021344493687,2.3219280948873626,1.0249186078024293,-0.3552967997238117,2.3219280948873626
ravdess,floor,43,1,1.0,24,12.3,0.3125,0.26848559741646105,0.3233333333333333,0.3050937664189606,-0.06963934418489881,2.3219280948873626,-0.04089803679123216,-0.060227458357994035,2.3219280948873626,0.8884012867389757,-0.025213656859790934,2.3219280948873626,0.41745241289897406,-0.047282166112517565,2.3219280948873626,1.179691530313308,-0.8165458753290435,2.3219280948873626,0.8413136380848123,-0.31055912904157124,2.3219280948873626
ravdess,floor,43,1,2.0,32,14.1,0.340625,0.2987412406749489,0.3566666666666667,0.14651667682152647,-0.06304897043843427,2.3219280948873626,-0.04912853774960224,-0.07619794899573629,2.3219280948873626,0.3729186014634944,-0.05437696035701656,2.3219280948873626,0.19222165207357556,-0.06264092127648802,2.3219280948873626,0.6515536495975152,-0.8203524433123501,2.3219280948873626,0.32334166410605825,-0.358233122150057,2.3219280948873626
ravdess,floor,43,1,4.0,19,9.5,0.24062499999999998,0.1511532142321616,0.25666666666666665,0.09676989775792366,-0.07108791903543521,2.3219280948873626,0.0041801499103826245,-0.04022865891969074,2.3219280948873626,0.4177527555666425,-0.0905790673735547,2.3219280948873626,0.044952621193174114,-0.055597788496103195,2.3219280948873626,0.9634216477983497,-0.7405559165359854,2.3219280948873626,0.2988207942155059,-0.19452830251875453,2.3219280948873626
ravdess,floor,43,1,8.0,30,13.8,0.271875,0.19435912646032166,0.2866666666666667,0.10800539286453636,-0.054346509104560514,2.3219280948873626,-0.053993775304456815,-0.035587068272657785,2.3219280948873626,0.4466262779360908,-0.10434521387969165,2.3219280948873626,0.07198603228928047,-0.07958036488999065,2.3219280948873626,0.9839994369455638,-1.0997275526370172,2.3219280948873626,0.3873250682301801,-0.33190290455297733,2.3219280948873626
ravdess,floor,43,1,16.0,15,5.1,0.178125,0.0914677623261694,0.19,0.6848716806128898,-0.06400287182859454,2.3219280948873626,0.20968510517452987,-0.0644814821076074,2.3219280948873626,0.9160211941627507,-0.058230066313550655,2.3219280948873626,0.4695747046832053,-0.07994981077224717,2.3219280948873626,1.2912715760487607,-0.7575409555907604,2.3219280948873626,0.7351599003122549,-0.40357279298592896,2.3219280948873626
ravdess,floor,43,2,0.0,20,7.4,0.2875,0.26235285572895084,0.3,0.22900393489076176,-0.04442004971508373,2.3219280948873626,0.1089488807128145,-0.05296755085466298,2.3219280948873626,1.0814095562521124,0.008374549148387977,2.3219280948873626,0.5011240721017776,0.0027116786011815996,2.3219280948873626,1.6119001042771592,-0.6151099391496797,2.3219280948873626,1.2782894169967345,-0.20756008234115209,2.3219280948873626
ravdess,floor,43,2,0.5,28,13.4,0.346875,0.3432065126426162,0.36666666666666664,0.2295183228736426,-0.02646919442578355,2.3219280948873626,0.026753604421427823,-0.045369411645856506,2.3219280948873626,0.9677621916296593,-0.03427055924958866,2.3219280948873626,0.811277911125619,-0.051919707704294105,2.3219280948873626,1.5892688819509315,-0.7084229386259002,2.3219280948873626,1.1590820223052871,-0.17486878982125686,2.3219280948873626
ravdess,floor,43,2,1.0,21,9.5,0.31875,0.2807721065813677,0.3333333333333333,0.30281816963660146,-0.027147397888849678,2.3219280948873626,0.05251629254804824,-0.04076065187482003,2.3219280948873626,0.35125446919264713,-0.014003816894705423,2.3219280948873626,0.2787621807400913,-0.017436240778851086,2.3219280948873626,1.5079466091606402,-1.0916467203294715,2.3219280948873626,0.8146843602998237,-0.3633823378206973,2.3219280948873626
ravdess,floor,43,2,2.0,15,9.1,0.28125,0.2323199752657122,0.29333333333333333,0.19546514288149686,-0.006564431102960899,2.3219280948873626,-0.019165761778971113,-0.06317419602215191,2.3219280948873626,0.46034779324063857,-0.014145542117088183,2.3219280948873626,0.25605983855357284,-0.04041384354651312,2.3219280948873626,1.501583607280872,-0.910997346495777,2.3219280948873626,0.7653034760392556,-0.23986757508511314,2.3219280948873626
ravdess,floor,43,2,4.0,22,11.3,0.253125,0.21501888417575507,0.26666666666666666,0.1923530612700839,-0.013645120056925641,2.3219280948873626,-0.0748401899252733,-0.017476216998455918,2.3219280948873626,0.7384478983973042,-0.0297330657953081,2.3219280948873626,0.3112514684658545,-0.02551271026196167,2.3219280948873626,1.4695231383388903,-0.6349759998481117,2.3219280948873626,0.8736300173399718,-0.15623851380595966,2.3219280948873626
ravdess,floor,43,2,8.0,40,14.5,0.246875,0.1984711013396045,0.2633333333333333,0.2602669949671399,-0.030615443883912796,2.3219280948873626,-0.07151341373544362,-0.037684582228940666,2.3219280948873626,0.8030250227115701,-0.052108083638185754,2.3219280948873626,0.4500904285941698,-0.0539798926365509,2.3219280948873626,1.4587953589385445,-1.0910620475327404,2.3219280948873626,0.8688651855154415,-0.30975797279284256,2.3219280948873626
ravdess,floor,43,2,16.0,26,12.9,0.24375,0.17422257958851303,0.25333333333333335,0.46553866907394625,-0.031645443636938886,2.3219280948873626,-0.06642553739933943,-0.04453143683101235,2.3219280948873626,0.9341440829812937,-0.07273436901962915,2.3219280948873626,0.5769856075836646,-0.07170031105171626,2.3219280948873626,1.7774231862936174,-0.42668125664608825,2.3219280948873626,1.3153645678539816,-0.17199452458983622,2.3219280948873626
ravdess,floor,43,3,0.0,38,9.8,0.35,0.3159177018437235,0.36,0.30944951518432084,-0.03588738010409953,2.3219280948873626,0.04257567668029516,-0.041266895909565005,2.3219280948873626,1.3284456350125486,-0.03945910080701731,2.3219280948873626,0.7364283870061701,-0.046808468772080225,2.3219280948873626,1.7455928659927509,-0.6393250484332982,2.3219280948873626,1.2494629443891692,-0.19020395710228621,2.3219280948873626
ravdess,floor,43,3,0.5,30,12.4,0.34062499999999996,0.3038239881275093,0.35,0.10606973665640229,-0.03892608012506482,2.3219280948873626,-0.019730674543972704,-0.05420064683473402,2.3219280948873626,1.1981552878596795,-0.03526574207602051,2.3219280948873626,0.699758423594318,-0.055630335935662245,2.3219280948873626,1.7493407286758313,-0.962204725878832,2.3219280948873626,1.431663724658616,-0.3455761298594271,2.3219280948873626
ravdess,floor,43,3,1.0,39,14.1,0.325,0.29287876602476676,0.33666666666666667,0.1466015081542804,-0.04326400982363987,2.3219280948873626,-0.03175645843112518,-0.03633051811572274,2.3219280948873626,0.17459391836541904,-0.015571552848544279,2.3219280948873626,0.09827395554767726,-0.03860143966342067,2.3219280948873626,1.2433588861972384,-0.857066130209581,2.3219280948873626,0.730334595741821,-0.2706780378201823,2.3219280948873626
ravdess,floor,43,3,2.0,28,13.2,0.3375,0.31559657235397576,0.3466666666666667,0.09892409413630965,-0.04018014290617655,2.3219280948873626,-0.03758932874830556,-0.035588089514967614,2.3219280948873626,0.5468833198149499,-0.032972262902688065,2.3219280948873626,0.14869027013149116,-0.03798088970952396,2.3219280948873626,1.4648478086520986,-1.104291891756652,2.3219280948873626,0.7580322893094085,-0.22773874745868428,2.3219280948873626
ravdess,floor,43,3,4.0,28,12.0,0.325,0.28193936034584555,0.3333333333333333,0.1167586052959706,-0.03188291485450101,2.3219280948873626,-0.027708003290934702,-0.04006743752534048,2.3219280948873626,0.5819012203058687,-0.051638883361664334,2.3219280948873626,0.283398200353405,-0.03458512238304312,2.3219280948873626,1.2451974874504754,-0.7884140082781532,2.3219280948873626,0.5958648037118561,-0.2498040836544928,2.3219280948873626
ravdess,floor,43,3,8.0,30,14.0,0.30625,0.25110407889520736,0.31666666666666665,0.28696562444767526,-0.024841833751412246,2.3219280948873626,-0.02601896261489056,-0.08172000298899285,2.3219280948873626,0.7737148157765508,-0.03488076510799454,2.3219280948873626,0.3103421251948042,-0.03978528546844684,2.3219280948873626,1.2987261122309617,-1.1416811621654315,2.3219280948873626,0.7730682283014156,-0.35255289758372843,2.3219280948873626
ravdess,floor,43,3,16.0,36,14.3,0.24375000000000002,0.1702002258393236,0.26,0.8934355366508102,-0.044312491944924925,2.3219280948873626,0.31228648586625196,-0.03600888686516335,2.3219280948873626,0.8801970770162331,-0.03985835600199028,2.3219280948873626,0.3199301924753839,-0.02946438790370909,2.3219280948873626,1.6588096978040596,-0.5444625736879294,2.3219280948873626,1.1472528791364291,-0.1991453992218113,2.3219280948873626
ravdess,floor,43,4,0.0,29,9.5,0.315625,0.29162024945588294,0.33,0.23182429130675963,-0.0647959087434904,2.3219280948873626,0.006446426455903875,-0.06960227829597398,2.3219280948873626,0.7262310138684351,-0.032118522157488005,2.3219280948873626,0.4123695247380479,-0.04338033336462166,2.3219280948873626,1.2915530056127464,-0.8755599644722691,2.3219280948873626,0.8899370112987148,-0.3000724283178777,2.3219280948873626
ravdess,floor,43,4,0.5,26,12.8,0.315625,0.25489419143570685,0.3233333333333333,0.11743117144930526,-0.06932897034245267,2.3219280948873626,-0.010321615055723043,-0.05639781797781218,2.3219280948873626,0.4511372358530019,-0.00703924300274128,2.3219280948873626,0.26492619864358113,-0.04913141157355616,2.3219280948873626,1.2911051668220739,-0.7355408668794192,2.3219280948873626,0.5430256622856169,-0.2812074084583345,2.3219280948873626
ravdess,floor,43,4,1.0,4,4.2,0.26875,0.14605020601869728,0.2866666666666667,0.23165933570482267,-0.06064258699300318,2.3219280948873626,0.07223526359561738,-0.0700585827853204,2.3219280948873626,0.51582665003601,-0.09317995927269962,2.3219280948873626,0.1347657534167488,-0.09247263664818828,2.3219280948873626,1.4814169217458906,-0.46974933988364587,2.3219280948873626,0.37858008384153385,-0.19327880990364443,2.3219280948873626
ravdess,floor,43,4,2.0,32,13.7,0.334375,0.28603307443544546,0.35,0.059416794545168905,-0.06711386497905858,2.3219280948873626,0.01985915707262942,-0.06320100526078054,2.3219280948873626,0.19122264208974338,-0.09536769385153976,2.3219280948873626,0.08493098063459303,-0.08103885928973398,2.3219280948873626,0.8994322707246025,-1.0412938344341205,2.3219280948873626,0.3641242430199696,-0.26936271145267776,2.3219280948873626
ravdess,floor,43,4,4.0,32,14.4,0.34375,0.2921377075229372,0.36,0.07223647489464469,-0.0675149692293826,2.3219280948873626,-0.07448792882685273,-0.05569784473010975,2.3219280948873626,0.38203702806044815,-0.09213281075027391,2.3219280948873626,0.14768943128078993,-0.03820002345475704,2.3219280948873626,1.3284738408652141,-0.41371785722479926,2.3219280948873626,0.64233684624898,-0.17979767017986115,2.3219280948873626
ravdess,floor,43,4,8.0,35,13.9,0.34375,0.297589714868376,0.35,0.449551506282968,-0.06397722768160197,2.3219280948873626,0.057433062596703,-0.06902870602327704,2.3219280948873626,0.717464342208987,-0.05818674928829681,2.3219280948873626,0.2754400571725335,0.003179554389442174,2.3219280948873626,1.2256968208364172,-1.406029300858028,2.3219280948873626,0.8712216691225119,-0.41946719420591094,2.3219280948873626
ravdess,floor,43,4,16.0,18,8.9,0.253125,0.14399825319933643,0.27,0.5640968278476697,-0.0611427293268636,2.3219280948873626,0.06845835648833276,-0.05761550797141579,2.3219280948873626,0.4117724077340099,-0.06019584948298595,2.3219280948873626,0.03388163383884679,-0.04464730455995092,2.3219280948873626,1.6852288208474258,-0.6546938498120771,2.3219280948873626,1.0355885475143791,-0.2203854208438747,2.3219280948873626
ravdess,floor,43,5,0.0,22,8.3,0.34765625,0.3182755285253301,0.35833333333333334,0.34683721043120364,-0.03604685958009135,2.0,0.001754484706588677,-0.03399388476568044,2.0,1.2786635467368372,-0.031128991785186244,2.0,0.49580105731605273,-0.06272392911006586,2.0,1.4568302018022559,-0.9040510845244727,2.0,1.173166142361167,-0.13217387887376564,2.0
ravdess,floor,43,5,0.5,21,11.9,0.33984375,0.3275700321871988,0.35833333333333334,0.35525771074378243,-0.009920607396040282,2.0,0.013278973671667416,-0.03265551208943096,2.0,0.8796648983083528,-0.050699157607400736,2.0,0.31658873152608247,-0.04191796885894661,2.0,1.4347073011266058,-1.0486555937858069,2.0,1.1540578718949583,-0.21735825163555722,2.0
ravdess,floor,43,5,1.0,23,11.6,0.31640625,0.31968822002521435,0.3333333333333333,0.19861691946144822,-0.002826040662858187,2.0,-0.019888702245598466,-0.02996482575833248,2.0,0.4006378931985719,-0.03984562341545317,2.0,0.12943291579175287,-0.03635238634515314,2.0,1.0548262500354793,-0.829823813010639,2.0,0.7915075391424584,-0.26143579620346147,2.0
ravdess,floor,43,5,2.0,38,14.7,0.3046875,0.2797583338541444,0.32083333333333336,0.17777965678122754,-0.0026304666992102987,2.0,-0.01315253483429446,-0.03182525988085283,2.0,0.42636478865523264,-0.06607037756800827,2.0,0.17461982133263465,-0.057428984818139295,2.0,1.0416677966435515,-0.836786112922872,2.0,0.5426343318722711,-0.21317163504404846,2.0
ravdess,floor,43,5,4.0,27,14.0,0.3125,0.2810638792434391,0.32916666666666666,0.12948181896704947,-0.013490788883184113,2.0,-0.020486644519744246,-0.03809329279066942,2.0,0.4729854492698491,-0.07693778783227101,2.0,0.10282133333230226,-0.053786050729877743,2.0,0.9673678319429222,-1.4948458777675424,2.0,0.6210370263563878,-0.3957282183543609,2.0
ravdess,floor,43,5,8.0,26,13.2,0.26171875,0.2155283792804172,0.275,0.20123053894859666,-0.030666110093918064,2.0,-0.017801081690466347,-0.020409679558402782,2.0,0.9123552692178933,-0.07305809883687298,2.0,0.3595288982033049,-0.04725435213614437,2.0,1.4615166719790853,-1.0017259138206849,2.0,0.9837172172895252,-0.28857974201964165,2.0
ravdess,floor,43,5,16.0,38,15.7,0.27734375,0.21468395296806722,0.29583333333333334,0.35577104328236175,-0.03539435840179861,2.0,-0.003290373627444332,-0.026385014410677865,2.0,0.9895394247329714,-0.08613585768893017,2.0,0.45554163800371317,-0.047083439045009,2.0,1.5145469643612905,-0.9775642367242146,2.0,1.0607597963179543,-0.2285305504729669,2.0
ravdess,floor,44,1,0.0,20,7.5,0.3125,0.27413861212314883,0.33,0.2573694806845692,-0.023901758641906135,2.3219280948873626,0.050350623249737936,-0.054174414862064424,2.3219280948873626,1.0512276482236722,-0.028499796163944158,2.3219280948873626,0.7961242679968923,-0.050421959033143615,2.3219280948873626,1.313947965608288,-0.5269484208385871,2.3219280948873626,0.9684284834268164,-0.29110780158683713,2.3219280948873626
ravdess,floor,44,1,0.5,22,11.2,0.33437500000000003,0.2886035574526855,0.35333333333333333,0.07064047555837716,-0.013521166633964743,2.3219280948873626,-0.005764557864221143,-0.04978100354697723,2.3219280948873626,0.4876568278783062,-0.05736622591114715,2.3219280948873626,0.10033315811931809,-0.06111872811250718,2.3219280948873626,1.0203320345864546,-0.5084626225155051,2.3219280948873626,0.2587416058726224,-0.21971776378654306,2.3219280948873626
ravdess,floor,44,1,1.0,22,10.9,0.3125,0.25437548567182044,0.33,0.09487635652630422,-0.014210584229185752,2.3219280948873626,-0.01814119285274307,-0.045273096346381436,2.3219280948873626,0.7274623014703496,-0.034878754336656215,2.3219280948873626,0.23770888361407572,-0.05098790870049141,2.3219280948873626,1.0275683438940852,-0.9460771497258564,2.3219280948873626,0.5503330118633656,-0.27068603441633554,2.3219280948873626
ravdess,floor,44,1,2.0,22,11.6,0.309375,0.25235005480914574,0.33,0.08169019116225051,-0.013655438877583137,2.3219280948873626,-0.0018520265829300442,-0.04593852395231002,2.3219280948873626,0.6089893086642564,-0.06642362365654186,2.3219280948873626,0.14756436921613414,-0.04871072077813032,2.3219280948873626,0.8221392966427823,-0.8240397986899559,2.3219280948873626,0.13537023816065075,-0.1750748713294903,2.3219280948873626
ravdess,floor,44,1,4.0,15,7.6,0.275,0.19366512654954673,0.29,0.10654369544590114,-0.006044641511830484,2.3219280948873626,-0.001543322871925934,-0.05473201885110779,2.3219280948873626,0.5117712983695977,-0.026532817070661796,2.3219280948873626,0.21890854827081396,-0.07300736120784501,2.3219280948873626,0.9676384149373214,-0.837476876960328,2.3219280948873626,0.5988484949124406,-0.29899813518416263,2.3219280948873626
ravdess,floor,44,1,8.0,15,9.0,0.25,0.15479591972912582,0.26666666666666666,0.1649705543363158,-0.009586479412909465,2.3219280948873626,0.04146524390520634,-0.0487730809066127,2.3219280948873626,0.7242076802058695,-0.0398269917382601,2.3219280948873626,0.21537019993611084,-0.0482287760973823,2.3219280948873626,1.3957543871743359,-0.5645334829842867,2.3219280948873626,0.6665411700647488,-0.1520361458481423,2.3219280948873626
ravdess,floor,44,1,16.0,19,10.4,0.24375,0.13126417285341585,0.26,0.5975748020761471,-0.027437524660868018,2.3219280948873626,0.20130764039503113,-0.042911266733243636,2.3219280948873626,0.8113039052455857,-0.05582831638628294,2.3219280948873626,0.5525038182566169,-0.036010473831749934,2.3219280948873626,1.1410140942843439,-0.4864872546367618,2.3219280948873626,0.7380583608070435,-0.11983846183321267,2.3219280948873626
ravdess,floor,44,2,0.0,33,9.8,0.328125,0.2957015448013862,0.35,0.1676066631340727,-0.0279905980391848,2.3219280948873626,0.03037322549602095,-0.06023691668749187,2.3219280948873626,1.4302568963926885,-0.06816563704620204,2.3219280948873626,1.098586782114743,-0.08453573573744677,2.3219280948873626,1.83841143928558,-0.6896504548503462,2.3219280948873626,1.2759185839211298,-0.2748766645608316,2.3219280948873626
ravdess,floor,44,2,0.5,12,7.7,0.28125,0.2596955078712733,0.28,0.14470512394205537,-0.035875709467623196,2.3219280948873626,0.04467628218398101,-0.044498146590728815,2.3219280948873626,0.6913105392682222,-0.04933952696864807,2.3219280948873626,0.36471247543249374,-0.09199146680953563,2.3219280948873626,1.455562311328522,-0.7422015335492498,2.3219280948873626,0.8221899090517746,-0.125831988578458,2.3219280948873626
ravdess,floor,44,2,1.0,23,11.5,0.29374999999999996,0.25228964718844893,0.30666666666666664,0.11315791202935888,-0.025366363622969068,2.3219280948873626,0.062062260296095406,-0.06978500767924034,2.3219280948873626,0.7778614422025816,-0.015327734997862219,2.3219280948873626,0.48219954356737804,-0.05898847526411366,2.3219280948873626,1.5204499302403764,-0.6493280525311325,2.3219280948873626,1.0239278389020385,-0.18116870862783152,2.3219280948873626
ravdess,floor,44,2,2.0,23,11.3,0.26875000000000004,0.23260867355804066,0.28,0.11437257488247221,-0.03173618030873593,2.3219280948873626,0.04624738003251405,-0.07713556632349183,2.3219280948873626,0.9819798305253107,-0.05291376632773881,2.3219280948873626,0.5076919375717048,-0.05239129745613447,2.3219280948873626,1.481430625292533,-1.0208193511976433,2.3219280948873626,0.9337079602738518,-0.22272020470716924,2.3219280948873626
ravdess,floor,44,2,4.0,15,8.7,0.265625,0.2203135836930739,0.2633333333333333,0.1411254933023205,-0.031799920046303054,2.3219280948873626,0.029619378304110988,-0.06914405867423534,2.3219280948873626,0.7786822513394442,-0.06771123434427206,2.3219280948873626,0.32378175710387436,-0.04628108763422034,2.3219280948873626,1.3745154225415144,-0.4540310293807561,2.3219280948873626,0.7359378323932209,-0.1495447339059921,2.3219280948873626
ravdess,floor,44,2,8.0,23,11.5,0.228125,0.1681526039823891,0.24,0.3607377829318883,-0.04005121090752928,2.3219280948873626,0.034408064441271424,-0.0686332418279525,2.3219280948873626,0.9879475793843322,-0.08480866989317493,2.3219280948873626,0.4944167958320682,-0.0863108334499243,2.3219280948873626,1.8431155102942833,-0.6128718757645775,2.3219280948873626,1.1975801918453386,-0.17790579433859088,2.3219280948873626
ravdess,floor,44,2,16.0,29,13.8,0.2375,0.1815666451590146,0.25,0.7691173977739179,-0.030240516039985454,2.3219280948873626,0.32419252496416506,-0.03535907453523368,2.3219280948873626,1.3356728964687372,-0.06722541337922472,2.3219280948873626,0.5197508875912118,-0.07772511235634072,2.3219280948873626,1.840657140946986,-0.6940014591649049,2.3219280948873626,1.4458320055436529,-0.2728678126118331,2.3219280948873626
ravdess,floor,44,3,0.0,30,9.1,0.33125,0.313032259666726,0.3466666666666667,0.15941291764518395,-0.033843219737262675,2.3219280948873626,-0.008720421233173514,-0.09230404975057471,2.3219280948873626,1.2862299251572906,-0.0719533935829837,2.3219280948873626,0.7420253893033342,-0.07877512347542392,2.3219280948873626,1.7550878314790563,-0.8342749272797789,2.3219280948873626,1.441721305472854,-0.2474815038539533,2.3219280948873626
ravdess,floor,44,3,0.5,31,14.1,0.32499999999999996,0.29816064738930226,0.33666666666666667,0.17971680354869024,-0.03363246496202166,2.3219280948873626,0.0047253578411172725,-0.06320262514106867,2.3219280948873626,1.4001323363328497,-0.032105844645831993,2.3219280948873626,0.8159970008009223,-0.07823268668017036,2.3219280948873626,1.7596633514429412,-0.9302069176130536,2.3219280948873626,1.249875581658896,-0.4351842701083304,2.3219280948873626
ravdess,floor,44,3,1.0,20,10.8,0.30937499999999996,0.2868800107215439,0.3233333333333333,0.05140968390737477,-0.035800361761432864,2.3219280948873626,0.00580242218707383,-0.04778940952386357,2.3219280948873626,0.8263355998323583,-0.06526173336813601,2.3219280948873626,0.4258087441984182,-0.06632580543295896,2.3219280948873626,1.603069963125466,-0.8345137499820803,2.3219280948873626,1.0646916582191415,-0.3489704607810973,2.3219280948873626
ravdess,floor,44,3,2.0,37,14.4,0.309375,0.28697850770424926,0.31666666666666665,0.07985587335328859,-0.034329421132052396,2.3219280948873626,0.03864150428718638,-0.05937745658810911,2.3219280948873626,0.5522519304885456,-0.02416768736542174,2.3219280948873626,0.3588587812642292,-0.06307112619415944,2.3219280948873626,1.4783791184277182,-0.957784749074496,2.3219280948873626,1.1069235399263329,-0.32248981623944983,2.3219280948873626
ravdess,floor,44,3,4.0,30,13.9,0.3,0.26990765331670635,0.31,0.13461828698061895,-0.0329393507746083,2.3219280948873626,0.012898088374819316,-0.054701339481141975,2.3219280948873626,0.8745340193545892,-0.07378771032254505,2.3219280948873626,0.5331893618399537,-0.06622841137800295,2.3219280948873626,1.3311539207261096,-1.0128838863508531,2.3219280948873626,0.7552952808894233,-0.24763533004690697,2.3219280948873626
ravdess,floor,44,3,8.0,32,13.5,0.278125,0.24308972487747194,0.2866666666666667,0.3535034074629251,-0.06251185256782898,2.3219280948873626,0.034102363233527555,-0.05211539209831928,2.3219280948873626,0.6887953430898024,-0.057866016459260816,2.3219280948873626,0.5601622225124094,-0.04805568509561997,2.3219280948873626,1.3317548914319695,-1.055622837815252,2.3219280948873626,0.9288577415198507,-0.30006745025277004,2.3219280948873626
ravdess,floor,44,3,16.0,19,10.2,0.20625,0.11368594698949656,0.22,0.4330426836618868,-0.05784150315910663,2.3219280948873626,0.10736048482748206,-0.057510397499075605,2.3219280948873626,0.8498847513265424,-0.04328555895954134,2.3219280948873626,0.37841940048339406,-0.04564147928369344,2.3219280948873626,1.6992761911962817,-0.6458860990382989,2.3219280948873626,1.1293074183318716,-0.2649954447434233,2.3219280948873626
ravdess,floor,44,4,0.0,24,8.3,0.35624999999999996,0.30383423727326764,0.36333333333333334,0.05630147764654447,-0.01004525350026908,2.3219280948873626,0.025312173788215375,-0.06274042821323267,2.3219280948873626,0.7893160426593839,-0.005639398862657519,2.3219280948873626,0.5223361709688237,-0.03809892467633258,2.3219280948873626,1.482521597610912,-0.5868365043547947,2.3219280948873626,1.027813503127179,-0.1767150624876277,2.3219280948873626
ravdess,floor,44,4,0.5,24,11.5,0.353125,0.31344527545705103,0.36,0.059789585920572375,-0.010579935890163927,2.3219280948873626,0.011171108981869793,-0.04279151682278126,2.3219280948873626,0.1675691708288478,-0.011217421718519027,2.3219280948873626,0.05241075243200566,-0.031892193023202786,2.3219280948873626,1.3711677231395405,-0.3745280992271356,2.3219280948873626,0.5622997727706436,-0.1657825670706652,2.3219280948873626
ravdess,floor,44,4,1.0,26,12.6,0.35624999999999996,0.3105947384059182,0.37,0.024474483708979644,-0.015246161397638236,2.3219280948873626,0.007517551090025609,-0.05529263010226071,2.3219280948873626,0.17275881444279095,-0.024378066601830284,2.3219280948873626,0.06823945646092788,-0.030984874223123793,2.3219280948873626,1.2155259966760465,-0.6093270747930899,2.3219280948873626,0.2797370222722475,-0.23996594958840456,2.3219280948873626
ravdess,floor,44,4,2.0,31,14.0,0.34375,0.3071865267849718,0.3566666666666667,0.055587352590465766,-0.008460162535763427,2.3219280948873626,0.003504455469339529,-0.05843527054392483,2.3219280948873626,0.6386270306417678,-0.02667038756681306,2.3219280948873626,0.22842509749843387,-0.038587455380397095,2.3219280948873626,1.1710183219793489,-0.9431430477800231,2.3219280948873626,0.6229868594522947,-0.2652604862759005,2.3219280948873626
ravdess,floor,44,4,4.0,35,13.8,0.34375,0.29062982215678823,0.35333333333333333,0.04268858805858455,-0.006439960073208351,2.3219280948873626,0.0011305930595222335,-0.02034170096697574,2.3219280948873626,0.3828857146619471,-0.035513835561809426,2.3219280948873626,0.14706024398002482,-0.0665875515389267,2.3219280948873626,1.2784475382585057,-0.7755947247404125,2.3219280948873626,0.73465492241839,-0.21964962535040833,2.3219280948873626
ravdess,floor,44,4,8.0,15,9.1,0.29375,0.20773242192524327,0.30333333333333334,0.05723365999235597,-0.023866781985918628,2.3219280948873626,-0.026661864961253556,-0.060994456328031355,2.3219280948873626,0.8702994582117014,-0.011515868482518954,2.3219280948873626,0.505879177240939,-0.030575678896143543,2.3219280948873626,1.4910505196906114,-0.8424597745585722,2.3219280948873626,1.2111290102303471,-0.2326665290825698,2.3219280948873626
ravdess,floor,44,4,16.0,28,13.2,0.2875,0.18981034379863787,0.30666666666666664,0.6650731971812138,-0.029090541429057648,2.3219280948873626,0.23578688203738185,-0.04285982994321014,2.3219280948873626,1.1737634357594908,-0.029925080761763923,2.3219280948873626,0.533310783603846,-0.0676895380942093,2.3219280948873626,1.6935449552581232,-0.8245906663801459,2.3219280948873626,1.2399911676760353,-0.16985080848893652,2.3219280948873626
ravdess,floor,44,5,0.0,26,9.6,0.3515625,0.3339315188633144,0.37083333333333335,0.05523249769526961,-0.011505478740160502,2.0,-0.05930311179520187,-0.02567559326851976,2.0,1.5093472829733703,-0.02067986705553615,2.0,0.7064416905436945,-0.022170181832608993,2.0,1.6085205752336962,-0.8192917066980359,2.0,1.3217690502165307,-0.18220772628662907,2.0
ravdess,floor,44,5,0.5,34,13.1,0.34375,0.3251678760259996,0.35833333333333334,0.12638138521262743,-0.01052137822153787,2.0,-0.028900847179634592,-0.022628105214281824,2.0,1.2561121925939025,-0.022890507081999356,2.0,0.49974346730668895,-0.020420401305924152,2.0,1.5821854861295723,-0.9627989318051835,2.0,1.0955497861688899,-0.25698799943689776,2.0
ravdess,floor,44,5,1.0,28,14.4,0.35546875,0.33678425912952176,0.37083333333333335,0.07599091478664488,-0.012433461387190814,2.0,-0.03971675570802313,-0.018796445157740038,2.0,1.0971952783016414,-0.02683112553816036,2.0,0.4457088941657106,-0.0023623918272246414,2.0,1.511025139721049,-0.8974430032025702,2.0,1.2356542715257148,-0.19775018802739863,2.0
ravdess,floor,44,5,2.0,37,14.6,0.37890625,0.360039790467808,0.3958333333333333,0.4023067569069916,-0.003733744464645472,2.0,0.06037588998860288,-0.018857723368864043,2.0,1.0090490119041235,-0.012185111638371993,2.0,0.2854735848024279,-0.09135050602200012,2.0,1.5524641692694825,-0.7873239457598618,2.0,1.0101375647305937,-0.1734154866417681,2.0
ravdess,floor,44,5,4.0,27,13.5,0.34765625,0.3286132322376931,0.3625,0.3294424180104776,-0.008099368317028954,2.0,-0.008967609951552546,0.003919634932265215,2.0,1.161910337460744,-0.020613697163603284,2.0,0.2662847389112628,-0.01814075463075726,2.0,1.651695495588415,-0.9276586403864826,2.0,1.1739994876511552,-0.06574948552308824,2.0
ravdess,floor,44,5,8.0,26,12.2,0.2890625,0.25632898214855454,0.30833333333333335,0.35732053462150515,0.00971446068396653,2.0,0.018849954044095618,-0.021286448529466817,2.0,0.8299925331130342,-0.039975174460235685,2.0,0.24083066789195606,-0.02513288100539235,2.0,1.466330720442106,-1.1733643421711482,2.0,1.043394568473147,-0.1721097244747547,2.0
ravdess,floor,44,5,16.0,31,14.4,0.296875,0.23364595321832166,0.30833333333333335,0.5079653100500419,-0.027034764940597977,2.0,0.0725764602779535,-0.0333980659195916,2.0,1.333414501603173,-0.03229452617962103,2.0,0.5077138611141003,-0.04284681351799513,2.0,1.4656417476570063,-1.0403756778934166,2.0,1.2474359472196301,-0.2735162748461648,2.0
