dataset,mode,arm,seed,fold,kappa,best_epoch,train_seconds,test_uar,test_macro_f1,test_acc,c_aff_linear_mi_lb_bits,c_aff_linear_control_bits,c_aff_linear_entropy_bits,c_aff_mlp_mi_lb_bits,c_aff_mlp_control_bits,c_aff_mlp_entropy_bits,c_style_linear_mi_lb_bits,c_style_linear_control_bits,c_style_linear_entropy_bits,c_style_mlp_mi_lb_bits,c_style_mlp_control_bits,c_style_mlp_entropy_bits,h_linear_mi_lb_bits,h_linear_control_bits,h_linear_entropy_bits,h_mlp_mi_lb_bits,h_mlp_control_bits,h_mlp_entropy_bits
ravdess,floor,adv,42,1,1.0,18,8.5,0.27812499999999996,0.22369084892071053,0.2966666666666667,0.3822615074656752,-0.034125556084425135,2.3219280948873626,0.02013505927602699,-0.04201022552755074,2.3219280948873626,0.9245153678061722,-0.03634627779249966,2.3219280948873626,0.5790931339984682,-0.011246425601984189,2.3219280948873626,1.2629651843409135,-0.5989276687162022,2.3219280948873626,0.9410346667460823,-0.22779608244214877,2.3219280948873626
ravdess,floor,adv,42,1,4.0,35,23.8,0.28437500000000004,0.24189270165938642,0.30333333333333334,0.33560846691536916,-0.029081935058326902,2.3219280948873626,0.07806866955179625,-0.016447953072262322,2.3219280948873626,0.984892062957399,-0.041012159687702,2.3219280948873626,0.6805322771663147,-0.010131600104399396,2.3219280948873626,1.308950012759799,-0.926679467979818,2.3219280948873626,1.0544447854885879,-0.2118014676767146,2.3219280948873626
ravdess,floor,adv,42,1,16.0,23,14.4,0.290625,0.24273110867701816,0.31,0.8672858382851645,-0.03784435594697655,2.3219280948873626,0.33328284116888196,-0.04776693297406709,2.3219280948873626,1.0159840514527376,-0.03149039691632183,2.3219280948873626,0.6226238046232395,-0.01452483030726004,2.3219280948873626,1.2745082172075715,-0.8671514207913442,2.3219280948873626,1.0236422943617387,-0.21723502221752922,2.3219280948873626
ravdess,floor,adv,42,2,1.0,15,7.4,0.30937499999999996,0.24163919226313285,0.33,0.35980288122419357,-0.0322170993675166,2.3219280948873626,0.04248506918589756,-0.01786533171224125,2.3219280948873626,1.1267961723996973,-0.026765062237925186,2.3219280948873626,0.8424542524499212,-0.0033859574161407835,2.3219280948873626,1.7503807363967976,-0.6053188656154349,2.3219280948873626,1.3866377621635047,-0.06895931066216976,2.3219280948873626
ravdess,floor,adv,42,2,4.0,28,17.3,0.309375,0.27231590335092876,0.32666666666666666,0.2928391790924474,-0.03900711390012823,2.3219280948873626,0.05117688384906671,-0.014877557865981217,2.3219280948873626,1.1411937724188765,-0.05226952598890522,2.3219280948873626,0.7673750314625396,-0.021268826956144515,2.3219280948873626,1.8236847653172463,-0.7259602422555993,2.3219280948873626,1.57822234232638,-0.21701543066840534,2.3219280948873626
ravdess,floor,adv,42,2,16.0,26,14.8,0.296875,0.2488954348722734,0.31666666666666665,0.2517765050036065,-0.018829187361490973,2.3219280948873626,0.057746328502446875,-0.01394444606598011,2.3219280948873626,1.103828541058009,-0.0343869718185279,2.3219280948873626,0.8628038914743512,-0.03858102593217261,2.3219280948873626,1.78330043061161,-1.133562228463144,2.3219280948873626,1.5399196160079387,-0.2716389802850556,2.3219280948873626
ravdess,floor,adv,42,3,1.0,13,6.4,0.246875,0.2243749299730412,0.25,0.4212819341720919,-0.040735622893186996,2.3219280948873626,0.02873568120356751,-0.054284311773477256,2.3219280948873626,0.8528012233606912,-0.053688307062695895,2.3219280948873626,0.25605138414876594,-0.03584493175484971,2.3219280948873626,1.3803948384122915,-0.7072826188402077,2.3219280948873626,0.8968794322257869,-0.22348500137613847,2.3219280948873626
ravdess,floor,adv,42,3,4.0,17,10.3,0.30625,0.25662399993028795,0.3233333333333333,0.18967942080075373,-0.042099998358176016,2.3219280948873626,-0.050945114771696165,-0.046987286564105446,2.3219280948873626,0.9081212438567297,-0.038532128237226626,2.3219280948873626,0.43293962396780694,-0.027985986121641826,2.3219280948873626,1.6220858319916684,-0.8428943467475993,2.3219280948873626,1.2051456020620732,-0.13338047390345809,2.3219280948873626
ravdess,floor,adv,42,3,16.0,31,22.6,0.271875,0.2403194402311437,0.29,0.4849290811339253,-0.0054234562126604935,2.3219280948873626,0.1389269996964071,-0.03925278345553007,2.3219280948873626,0.9510718636071687,-0.03161154373035169,2.3219280948873626,0.5091812093552353,-0.039438839725383534,2.3219280948873626,1.4982943998821248,-0.8879750773979067,2.3219280948873626,1.3518965316318248,-0.23418968157375808,2.3219280948873626
ravdess,floor,adv,42,4,1.0,17,8.4,0.3125,0.24497041136834918,0.3333333333333333,0.2383858294330432,-0.026917664749061654,2.3219280948873626,0.015824367607673473,-0.02972284588604923,2.3219280948873626,0.753708523956998,-0.06587909735807695,2.3219280948873626,0.39592212427192797,-0.03930082182998573,2.3219280948873626,1.4855618991702038,-0.6840707684119915,2.3219280948873626,0.8588810226250922,-0.249278203475499,2.3219280948873626
ravdess,floor,adv,42,4,4.0,37,25.4,0.36250000000000004,0.3178678204008183,0.37,0.0804362798150331,-0.04688689503757182,2.3219280948873626,0.03124574783865164,-0.039171508616712813,2.3219280948873626,0.8376254628072486,-0.058726388518759,2.3219280948873626,0.3617773238929425,-0.05262809639787269,2.3219280948873626,1.575555318586005,-0.8819489707298116,2.3219280948873626,1.1250356903587528,-0.2348466838418215,2.3219280948873626
ravdess,floor,adv,42,4,16.0,22,13.6,0.321875,0.25478986517093394,0.34,0.2061620461175755,-0.05435317113455129,2.3219280948873626,0.06589166136452862,-0.03863936868572759,2.3219280948873626,0.8495078428035381,-0.0344129040471417,2.3219280948873626,0.4596148416254304,-0.029264339660341143,2.3219280948873626,1.403502502354507,-0.7174567599610779,2.3219280948873626,1.040938660500819,-0.16472715951783679,2.3219280948873626
ravdess,floor,adv,42,5,1.0,37,57.9,0.33203125,0.3172426172300269,0.3416666666666667,0.08196003695486231,-0.029509273970928618,2.0,0.007098018510039328,-0.04876902317600562,2.0,1.2035574068403405,-0.07752603796395352,2.0,0.5387579820929944,-0.009089059852858572,2.0,1.6716921084182295,-1.2086725218044467,2.0,1.153295657917226,-0.25059356421070955,2.0
ravdess,floor,adv,42,5,4.0,24,62.0,0.32421875,0.29265506207727826,0.3375,0.045697017227891434,-0.04371097880556318,2.0,-0.015401568048542202,-0.035329587559779885,2.0,1.1839241005980274,-0.07245362009799017,2.0,0.5408375109602876,-0.018396810981036182,2.0,1.5834625507994784,-0.7625931909888006,2.0,1.1695322409694446,-0.26182718042506314,2.0
ravdess,floor,adv,42,5,16.0,18,54.4,0.3125,0.27024839859502536,0.32916666666666666,0.6666868040706,-0.027127704983681333,2.0,0.21142140749066796,-0.03882684312460194,2.0,1.0774265385762387,-0.05246450506665301,2.0,0.6173843350400949,-0.03452088245612783,2.0,1.624201193797877,-0.814355179617317,2.0,1.3194643444439613,-0.1932003813602079,2.0
ravdess,floor,adv,43,1,1.0,29,69.0,0.30625,0.2731159214607066,0.32666666666666666,0.3249899622766754,-0.03701610048242232,2.3219280948873626,0.004907506201318412,-0.05306726893312508,2.3219280948873626,0.9553753360435433,-0.03722828047669102,2.3219280948873626,0.32270372706482586,-0.024630461857217067,2.3219280948873626,1.2002445513675541,-0.9370122175782813,2.3219280948873626,0.7621765269727991,-0.4832305842537883,2.3219280948873626
ravdess,floor,adv,43,1,4.0,29,70.2,0.31875,0.2812236307678664,0.34,0.36106124904999914,-0.06252808740952309,2.3219280948873626,0.009240705076031919,-0.05602459481966715,2.3219280948873626,0.9611925010128854,-0.034330099452525964,2.3219280948873626,0.46614864746547324,-0.032705127502202114,2.3219280948873626,1.1264585176933894,-0.679069606349298,2.3219280948873626,0.8079636553601248,-0.4170511594073334,2.3219280948873626
ravdess,floor,adv,43,1,16.0,12,32.8,0.28437500000000004,0.22294376980833536,0.30333333333333334,0.8288282334860722,-0.06785848101035308,2.3219280948873626,0.25792326798161014,-0.060831699867454514,2.3219280948873626,0.9535345939421211,-0.03216169083304399,2.3219280948873626,0.5636326736964392,-0.04622992270335713,2.3219280948873626,1.3516447609637934,-0.41675140026617097,2.3219280948873626,0.774501537451806,-0.3003847858773807,2.3219280948873626
ravdess,floor,adv,43,2,1.0,35,50.7,0.36875,0.3537530266343826,0.39,0.18299473284487444,-0.030370704629020917,2.3219280948873626,0.016701105709093333,-0.06341300732124466,2.3219280948873626,1.3185553255948295,-0.018870878575438343,2.3219280948873626,0.7606078072339046,-0.009547016358434135,2.3219280948873626,1.7966318427588832,-0.6925685876174215,2.3219280948873626,1.4675382302398212,-0.2509532486363377,2.3219280948873626
ravdess,floor,adv,43,2,4.0,14,31.0,0.28125,0.23883461574031062,0.2966666666666667,0.34986113434991806,-0.02122068139641131,2.3219280948873626,0.04765093739686321,-0.039596682633767255,2.3219280948873626,0.7484604395558567,-0.014392659905663852,2.3219280948873626,0.37296511770974616,-0.02082627298919526,2.3219280948873626,1.4462469147860069,-0.7418677658529238,2.3219280948873626,0.7153527883907989,-0.30180604143536316,2.3219280948873626
ravdess,floor,adv,43,2,16.0,30,53.3,0.290625,0.2627949151984986,0.30666666666666664,0.4434106120543153,-0.05833411972022784,2.3219280948873626,-0.002813109245406231,-0.06137072944718547,2.3219280948873626,1.492856070561944,-0.021154981305938403,2.3219280948873626,1.0524976572818718,-0.02277610550018272,2.3219280948873626,1.932227277390459,-0.7738181101186745,2.3219280948873626,1.6100398042134083,-0.2361895978903883,2.3219280948873626
ravdess,floor,adv,43,3,1.0,28,46.9,0.346875,0.31317651990379797,0.35333333333333333,0.25171342506116234,-0.044917665580712196,2.3219280948873626,-0.058067741092204805,-0.03621124377528906,2.3219280948873626,1.153964034275466,-0.04258110078365274,2.3219280948873626,0.6362075378828522,-0.05438767016888146,2.3219280948873626,1.5049334208583858,-0.7388815477938575,2.3219280948873626,1.2879336749577444,-0.2325325529703508,2.3219280948873626
ravdess,floor,adv,43,3,4.0,11,26.3,0.28437500000000004,0.23638478699232915,0.3,0.09227137340414648,-0.029782316099407957,2.3219280948873626,-0.03858284995771477,-0.07324698905494031,2.3219280948873626,0.5585018514290352,-0.03485286510259833,2.3219280948873626,0.2804289593643352,-0.025127966676546265,2.3219280948873626,1.4359989559646942,-0.5271761369076802,2.3219280948873626,0.6831345907386865,-0.185268808087653,2.3219280948873626
ravdess,floor,adv,43,3,16.0,23,42.4,0.3375,0.29339631501496805,0.3466666666666667,0.4407340070691603,-0.03936262754425934,2.3219280948873626,0.00981021526084458,-0.030970643138212406,2.3219280948873626,0.7542722750058084,0.0012277249949299573,2.3219280948873626,0.5389595279256851,-0.02661762257863831,2.3219280948873626,1.341679987033556,-0.6400116686258763,2.3219280948873626,0.7537713322222519,-0.2538172086303869,2.3219280948873626
ravdess,floor,adv,43,4,1.0,3,18.1,0.275,0.17295548654244305,0.29333333333333333,0.17800430026657166,-0.05435430493253479,2.3219280948873626,-0.011078554120903306,-0.07617801663021107,2.3219280948873626,0.28938848206857504,-0.05116854470468013,2.3219280948873626,0.0558369450512215,-0.045510638525641856,2.3219280948873626,1.149887596234237,-0.5890967307247483,2.3219280948873626,0.1863468629334495,-0.23651954131755826,2.3219280948873626
ravdess,floor,adv,43,4,4.0,3,17.3,0.28125,0.1634307249416989,0.3,0.20257255573777577,-0.05979476008522555,2.3219280948873626,0.04284469681937342,-0.0626673867647507,2.3219280948873626,0.2618433398671778,-0.056382740554546285,2.3219280948873626,0.07068995934662281,-0.04547000740329832,2.3219280948873626,1.1201985195447182,-0.7441176530590266,2.3219280948873626,0.23829721386071645,-0.25242410821200734,2.3219280948873626
ravdess,floor,adv,43,4,16.0,23,45.2,0.37187499999999996,0.33335376980909726,0.37333333333333335,0.6308135493016307,-0.08358427708495464,2.3219280948873626,0.018961426877520893,-0.0785212167113083,2.3219280948873626,0.9985933999086101,-0.03407392892157057,2.3219280948873626,0.511108043210986,-0.04144458827498054,2.3219280948873626,1.5598579873011271,-1.0391786036953654,2.3219280948873626,0.9984090940994961,-0.3039318324178266,2.3219280948873626
ravdess,floor,adv,43,5,1.0,27,62.4,0.34765625,0.3275540695888773,0.35833333333333334,0.2528928516997142,-0.004567922792379608,2.0,-0.0037386734936473154,-0.03928383189791562,2.0,1.2301821104545971,-0.021590601037455137,2.0,0.43710024863138974,-0.06197582725798556,2.0,1.4717381974307,-0.9446900854382072,2.0,1.2502030854638755,-0.1845767656619195,2.0
ravdess,floor,adv,43,5,4.0,30,62.1,0.328125,0.3063202610396716,0.3416666666666667,0.6023890931493918,-0.027364893954501923,2.0,-0.013246372137805995,-0.020646847024310855,2.0,1.4067399438690358,-0.03202179476402556,2.0,0.4867567916551496,-0.029462352713593543,2.0,1.5315678317571302,-1.0002836323248254,2.0,1.248803945516661,-0.26611965718565633,2.0
ravdess,floor,adv,43,5,16.0,23,48.5,0.3046875,0.28515888366952197,0.32083333333333336,0.8277532436540438,-0.03936138714127546,2.0,0.2583290966296945,-0.04307964220291094,2.0,1.3995072977470744,-0.038639964455216,2.0,0.3818507945078442,-0.0195732495480061,2.0,1.6257389518203471,-1.3184166681123193,2.0,1.2962212021617017,-0.20692392488285005,2.0
ravdess,floor,adv,44,1,1.0,20,49.4,0.30625,0.26934088415369123,0.3233333333333333,0.17938652020098278,-0.024250108540857518,2.3219280948873626,0.014205191441144294,-0.05319100891794459,2.3219280948873626,1.0510408077023121,-0.028321132546994754,2.3219280948873626,0.7254582466094102,-0.05381726817469845,2.3219280948873626,1.3386317624427333,-0.546885148274697,2.3219280948873626,1.0897944091229854,-0.17740811428154268,2.3219280948873626
ravdess,floor,adv,44,1,4.0,22,45.9,0.30000000000000004,0.2603572003381225,0.31666666666666665,0.2467218793041055,-0.03052537514036091,2.3219280948873626,0.04968513093628513,-0.04812671228261145,2.3219280948873626,1.0641476349191181,-0.03262174856785105,2.3219280948873626,0.7411097314709181,-0.0502442610692575,2.3219280948873626,1.3546980690605586,-0.5851883553194868,2.3219280948873626,0.8618088503947707,-0.18909405169266513,2.3219280948873626
ravdess,floor,adv,44,1,16.0,8,23.8,0.265625,0.19407667481043533,0.28,0.8780641998879264,-0.0345840005719702,2.3219280948873626,0.2914358617791839,-0.06700169960614577,2.3219280948873626,0.9959423117527797,-0.021821307554001468,2.3219280948873626,0.46152905991970483,-0.054015359611502944,2.3219280948873626,1.2916606148009586,-0.37103531326096695,2.3219280948873626,0.8882350114428006,-0.17400739846338986,2.3219280948873626
ravdess,floor,adv,44,2,1.0,10,26.8,0.25937499999999997,0.19196596029716234,0.27666666666666667,0.10442355400706615,-0.03254507578796373,2.3219280948873626,0.015153912525351476,-0.08518111694799169,2.3219280948873626,0.9377735626602468,-0.03997222783021037,2.3219280948873626,0.6472584309799541,-0.04866074386636576,2.3219280948873626,1.756856786587669,-0.4401048294945702,2.3219280948873626,1.2849715807143298,-0.1412637851608629,2.3219280948873626
ravdess,floor,adv,44,2,4.0,10,26.4,0.22187500000000002,0.1578905124191563,0.23666666666666666,0.34798818126738684,-0.03588733984894521,2.3219280948873626,0.03888017170856406,-0.08447640129921563,2.3219280948873626,0.9295079837326465,-0.039761591926488205,2.3219280948873626,0.6710194047085964,-0.05495582515968023,2.3219280948873626,1.6643886808310633,-0.3057042109873396,2.3219280948873626,1.2182956719519986,-0.16333202161743943,2.3219280948873626
ravdess,floor,adv,44,2,16.0,33,51.1,0.265625,0.241353265127758,0.27666666666666667,1.0253869194861738,-0.05851113818692211,2.3219280948873626,0.3068240760071834,-0.054349829721804355,2.3219280948873626,1.2475677917262156,-0.07078669252939251,2.3219280948873626,0.6919433137640181,-0.05128467905023104,2.3219280948873626,1.8722604622902341,-0.7028187920314997,2.3219280948873626,1.3730944607481603,-0.22870827666335103,2.3219280948873626
ravdess,floor,adv,44,3,1.0,27,49.2,0.33125,0.316858409843931,0.3333333333333333,0.1553445497623822,-0.04186515315771411,2.3219280948873626,0.03033500591192073,-0.09304786034788748,2.3219280948873626,1.2344976205756646,-0.039590960560774935,2.3219280948873626,0.6470630525724068,-0.07736347099589169,2.3219280948873626,1.5943147754750329,-1.1540021958402806,2.3219280948873626,1.3402488860743822,-0.3052068394077052,2.3219280948873626
ravdess,floor,adv,44,3,4.0,20,35.9,0.3375,0.32529815769728593,0.35333333333333333,0.3896183310024228,-0.03555304710495122,2.3219280948873626,0.03554266713942056,-0.06572290963943361,2.3219280948873626,0.890956245211725,-0.004855405656129186,2.3219280948873626,0.5599177979891314,-0.0589238256531468,2.3219280948873626,1.508786004551618,-0.49132795394041207,2.3219280948873626,0.9324268381759335,-0.15282229509378675,2.3219280948873626
ravdess,floor,adv,44,3,16.0,23,44.4,0.25625,0.22266214236140774,0.26666666666666666,0.8192063292525407,-0.04877339067552322,2.3219280948873626,0.3380734285749618,-0.04705910936056945,2.3219280948873626,1.3688211102862808,-0.06828661429396643,2.3219280948873626,0.8418563143195037,-0.08698348524372612,2.3219280948873626,1.7014605161521135,-0.588278259973134,2.3219280948873626,1.2721484301013744,-0.17043641267337772,2.3219280948873626
ravdess,floor,adv,44,4,1.0,25,50.4,0.33749999999999997,0.2932462807135252,0.36,0.06034543169522433,-0.014045231901773203,2.3219280948873626,-0.006409680926918515,-0.05881498839295407,2.3219280948873626,0.7224841792878003,-0.00926561390200309,2.3219280948873626,0.5370610637283944,-0.044943853139441714,2.3219280948873626,1.4889902443594676,-0.6273329599881974,2.3219280948873626,0.9122156582868424,-0.15879465356494915,2.3219280948873626
ravdess,floor,adv,44,4,4.0,32,53.6,0.375,0.33702206583775834,0.38666666666666666,0.2007905658051179,-0.017637799969231427,2.3219280948873626,0.021642291556401627,-0.04796743192247277,2.3219280948873626,0.8409241189491972,-0.009013106313814134,2.3219280948873626,0.6291680330612528,-0.034404231493991855,2.3219280948873626,1.5580096675042534,-0.47013558651273435,2.3219280948873626,1.145393593142913,-0.14821334116593654,2.3219280948873626
ravdess,floor,adv,44,4,16.0,16,36.2,0.3125,0.2580565777480478,0.31666666666666665,0.48343725332852405,-0.016785703544295316,2.3219280948873626,0.005353589663729785,-0.026590183954455338,2.3219280948873626,0.9259109733574045,-0.01925440040635884,2.3219280948873626,0.6013190534033372,-0.0614482030323078,2.3219280948873626,1.3018826451918235,-0.7397704691930409,2.3219280948873626,0.9855050264733527,-0.10864371605779954,2.3219280948873626
ravdess,floor,adv,44,5,1.0,22,48.1,0.33984375,0.3218094933417882,0.35833333333333334,0.3002270223026755,-0.015997645437001218,2.0,-0.015245698071135738,-0.008713515424427776,2.0,1.454193232642528,-0.027933387834677248,2.0,0.6841781713002126,-0.022662427766004356,2.0,1.642155518104161,-0.806384920631313,2.0,1.345417896620897,-0.07716962228832713,2.0
ravdess,floor,adv,44,5,4.0,25,57.3,0.36328125,0.336302022336742,0.37916666666666665,0.32984148789652123,-0.008834095203401393,2.0,-0.03041418580434696,-0.02969849621425702,2.0,1.4832022741881148,-0.028139589733579662,2.0,0.6046348845528047,-0.021475428682229403,2.0,1.6193885935519807,-0.706825559545087,2.0,1.185647440787729,-0.10628194639295296,2.0
ravdess,floor,adv,44,5,16.0,13,36.7,0.3203125,0.24628222049027854,0.3416666666666667,0.8325989677647561,-0.011216576163830538,2.0,0.14693725942256974,-0.025616227088762322,2.0,1.3095377401124195,-0.026066497089522578,2.0,0.5059632894140189,-0.014750521102472103,2.0,1.6572179443886825,-0.8445883137893637,2.0,0.9304722773105754,-0.11426440241296776,2.0
