dataset,seed,fold,kappa,lambda_aff_spk_adv,lambda_orth,best_epoch,train_seconds,test_uar,test_macro_f1,test_acc,c_aff_rep_linear_mi_lb_bits,c_aff_rep_linear_control_bits,c_aff_rep_linear_entropy_bits,c_aff_rep_mlp_mi_lb_bits,c_aff_rep_mlp_control_bits,c_aff_rep_mlp_entropy_bits,c_style_rep_linear_mi_lb_bits,c_style_rep_linear_control_bits,c_style_rep_linear_entropy_bits,c_style_rep_mlp_mi_lb_bits,c_style_rep_mlp_control_bits,c_style_rep_mlp_entropy_bits,h_linear_mi_lb_bits,h_linear_control_bits,h_linear_entropy_bits,h_mlp_mi_lb_bits,h_mlp_control_bits,h_mlp_entropy_bits,c_aff_probe_acc,c_aff_leakage_index
cremad,42,1,0.0,0.0,0.0,27,1195.6,0.5676807760141094,0.5517399070502863,0.5636856368563685,0.3632701344080646,-0.0621462989974803,4.169925001442313,0.2655880008202853,-0.0635408503821484,4.169925001442313,1.7628712809529197,-0.0449842132156126,4.169925001442313,1.6340684899950315,-0.0427617048479049,4.169925001442313,2.6768642206326843,-1.6983148813681952,4.169925001442313,2.538945745137233,-0.367533825893017,4.169925001442313,0.127313769751693,0.0759792856194396
cremad,42,1,0.5,0.175,0.025,35,1286.1,0.5637125220458553,0.5509909237007595,0.5602981029810298,0.242110495015789,-0.0468500524510977,4.169925001442313,0.2557920511545752,-0.0415825402693732,4.169925001442313,1.9615925143460424,-0.0561740769149201,4.169925001442313,1.8311831483054075,-0.0420946197165337,4.169925001442313,2.777963293640157,-1.7533406615218272,4.169925001442313,2.6927881113597145,-0.3000071412323564,4.169925001442313,0.109255079006772,0.0568583189483468
cremad,42,1,1.0,0.35,0.05,27,1195.0,0.5462962962962963,0.5345918406746124,0.5426829268292683,0.2757328746267484,-0.0406284494719564,4.169925001442313,0.2238506599470393,-0.0554355678425606,4.169925001442313,1.9992174978586423,-0.0388503453996671,4.169925001442313,1.7739884431793969,-0.032647511647041,4.169925001442313,2.8013160549362564,-1.7499725922579152,4.169925001442313,2.5918710308591235,-0.3151046144224585,4.169925001442313,0.1155756207674943,0.0635506572832293
cremad,42,1,2.0,0.7,0.1,36,1286.0,0.548831569664903,0.5371575111059443,0.5453929539295393,0.2781170449981278,-0.0478894450450617,4.169925001442313,0.2514379126567867,-0.0467450375423075,4.169925001442313,1.72768188863604,-0.0422374033967187,4.169925001442313,1.6165007922007653,-0.0278303106400414,4.169925001442313,2.7243085090856773,-1.6170264657582305,4.169925001442313,2.5558613063444993,-0.2926751232841491,4.169925001442313,0.1241534988713318,0.0726331164519984
cremad,42,1,4.0,1.4,0.2,32,1285.8,0.503858024691358,0.4959309813749715,0.5033875338753387,0.1770304044549231,-0.0481705376633696,4.169925001442313,0.1252286199696639,-0.0368603465849206,4.169925001442313,0.7449328971510591,-0.0308548834512407,4.169925001442313,0.4397680085513991,-0.0370035526613019,4.169925001442313,2.3389174747740062,-1.334060080388812,4.169925001442313,1.987332078325467,-0.2467242859203189,4.169925001442313,0.1038374717832956,0.0511220289470189
cremad,42,1,8.0,2.8,0.4,37,1286.0,0.4847883597883598,0.4716352973371753,0.483739837398374,0.4330842147621818,-0.0485359787872861,4.169925001442313,0.3608534121949658,-0.0541850112145736,4.169925001442313,1.9375961420728312,-0.0477492007245894,4.169925001442313,1.8204699033087697,-0.0326245968079055,4.169925001442313,2.78200374755443,-1.4985642490578863,4.169925001442313,2.708602145321379,-0.3453554828930825,4.169925001442313,0.1503386004514672,0.100358518125083
cremad,42,1,16.0,5.6,0.8,6,523.4,0.3578042328042328,0.298318230989151,0.3624661246612466,0.2299701950610044,-0.0386692883261616,4.169925001442313,0.1406760801109374,-0.037906476383001,4.169925001442313,0.3974477074807776,-0.0354261741442787,4.169925001442313,0.3075145262900673,-0.0406841484814499,4.169925001442313,1.9350416013907077,-0.4919451767553946,4.169925001442313,1.458056469783203,-0.1442399619175605,4.169925001442313,0.1065462753950338,0.0539901739476829
cremad,42,2,0.0,0.0,0.0,35,1287.6,0.6232773471145564,0.6112514578763565,0.6196610169491525,0.2253682258984706,-0.042624174339771,4.169919344444184,0.1364864304668245,-0.028322448648467,4.169919344444184,1.9743175239784,-0.0487744361913833,4.169919344444184,1.9316712362310025,-0.0495232043607671,4.169919344444184,2.951669630193409,-1.6612459936717334,4.169919344444184,2.7107985340701406,-0.2914350863197512,4.169919344444184,0.1124153498871331,0.060204488115788
cremad,42,2,0.5,0.175,0.025,25,1135.6,0.6039190353143842,0.5891075975093584,0.6020338983050847,0.224377884355897,-0.0487789719828031,4.169919344444184,0.2648142526110493,-0.0301163142038376,4.169919344444184,1.8325326817580303,-0.0530472069105965,4.169919344444184,1.7541442002836898,-0.0499872383214077,4.169919344444184,2.6500797789756323,-1.5920149569597497,4.169919344444184,2.55992488583815,-0.3373436718328007,4.169919344444184,0.127765237020316,0.0764573097862169
cremad,42,2,1.0,0.35,0.05,35,1287.6,0.6232342807924203,0.6160338994685385,0.6210169491525424,0.1794604687034096,-0.0472493465963967,4.169919344444184,0.2158102417402072,-0.0326378868241352,4.169919344444184,2.0461306345467993,-0.0543306296568673,4.169919344444184,1.8869140905888264,-0.0591562833014061,4.169919344444184,2.953128199595204,-1.6071534147743156,4.169919344444184,2.7741776752865235,-0.2951368012877475,4.169919344444184,0.1142212189616252,0.0621165847828973
cremad,42,2,2.0,0.7,0.1,28,1227.3,0.5873354251261228,0.5787713987594003,0.5830508474576271,0.1740189204869904,-0.0503475729562978,4.169919344444184,0.1452414859887021,-0.0276890836993466,4.169919344444184,1.7704571104044184,-0.0497863915633596,4.169919344444184,1.629325136185921,-0.0607957113176338,4.169919344444184,2.759716833119369,-1.539822761714886,4.169919344444184,2.5026326374500245,-0.3008176875326143,4.169919344444184,0.1214446952595936,0.0697649714513344
cremad,42,2,4.0,1.4,0.2,20,975.7,0.5408545588778148,0.5163376273391374,0.5342372881355932,0.1647235526494004,-0.054254845888642,4.169919344444184,0.1683475583259523,-0.0376783818132651,4.169919344444184,1.3490285482541982,-0.0585694002451822,4.169919344444184,1.2547761455274968,-0.0603331451806292,4.169919344444184,2.767482882598886,-1.4383881180422249,4.169919344444184,2.5578874193299197,-0.2779846947652951,4.169919344444184,0.1047404063205417,0.0520780772805736
cremad,42,2,8.0,2.8,0.4,27,1180.7,0.5309339239571798,0.502237102060612,0.5240677966101694,0.2663069533658917,-0.0471028201851222,4.169919344444184,0.1999944672898288,-0.0424241606351385,4.169919344444184,1.6121307842787953,-0.0540562585909789,4.169919344444184,1.4535113499043182,-0.0501140080940354,4.169919344444184,2.7198779839739835,-1.4552165775278771,4.169919344444184,2.5002486360250016,-0.3033874878532536,4.169919344444184,0.1223476297968397,0.0707210197848891
cremad,42,2,16.0,5.6,0.8,14,754.3,0.4316475944382921,0.3380617090724609,0.4284745762711864,0.1643377572367592,-0.0465392424183912,4.169919344444184,0.0719434237678138,-0.0354727676089332,4.169919344444184,0.2709662041720735,-0.0335247657031807,4.169919344444184,0.1788854987688526,-0.0543444057489042,4.169919344444184,2.235001728422506,-1.0375451399741022,4.169919344444184,1.8585559143143509,-0.2308243554534952,4.169919344444184,0.0934537246049661,0.0401274731111406
cremad,42,3,0.0,0.0,0.0,37,1267.9,0.562984496124031,0.5587185501399666,0.5613559322033899,0.2361922787939492,-0.053768514847186,4.169919344444184,0.1486811052730052,-0.0284279476151194,4.169919344444184,2.1363113298731937,-0.0516942899905892,4.169919344444184,2.0051564419147794,-0.0476100208767071,4.169919344444184,2.988392263231231,-1.959457245725163,4.169919344444184,2.962974370955128,-0.2552051010524359,4.169919344444184,0.128216704288939,0.0769353339529942
cremad,42,3,0.5,0.175,0.025,39,1270.3,0.5516057585825028,0.5508217075117917,0.5505084745762712,0.27134227595658,-0.0474683970036782,4.169919344444184,0.129274815191251,-0.035936532924075,4.169919344444184,1.8827478803649491,-0.0574209603083009,4.169919344444184,1.8447808324226544,-0.0328066163969449,4.169919344444184,2.8658221548870184,-1.811053223172588,4.169919344444184,2.8083526626596154,-0.320957275558821,4.169919344444184,0.1255079006772009,0.0740671889523303
cremad,42,3,1.0,0.35,0.05,39,1269.9,0.5739294942783314,0.5696805775046002,0.5715254237288135,0.2284788253669689,-0.0492824364001958,4.169919344444184,0.2094554679143021,-0.0328110357050652,4.169919344444184,1.7007295139287075,-0.0591017444556865,4.169919344444184,1.5020781135738357,-0.060075150706373,4.169919344444184,2.808921748103499,-1.781004656834198,4.169919344444184,2.569029416167592,-0.280564300030754,4.169919344444184,0.1223476297968397,0.0707210197848891
cremad,42,3,2.0,0.7,0.1,29,1238.6,0.5466777408637874,0.5393245074858865,0.5444067796610169,0.3379704757747594,-0.0438095600397225,4.169919344444184,0.2601587788137176,-0.0366955163028315,4.169919344444184,1.8613799848917312,-0.0527888566045966,4.169919344444184,1.7210825389796525,-0.0493203894743636,4.169919344444184,2.744494013730524,-1.4510438473865497,4.169919344444184,2.6494212520183464,-0.2428800536524278,4.169919344444184,0.1386004514672686,0.0879298897888726
cremad,42,3,4.0,1.4,0.2,4,453.3,0.3897532914974775,0.314641275655612,0.3857627118644068,0.2000746549094301,-0.0271286552720519,4.169919344444184,0.0973849933292587,-0.0226122343719215,4.169919344444184,0.3051085792789392,-0.036234403864622,4.169919344444184,0.2375592538302862,-0.0256414852321036,4.169919344444184,1.94704832902994,-0.5116555717695128,4.169919344444184,1.4321500741220707,-0.1639214263419512,4.169919344444184,0.109255079006772,0.0568583189483468
cremad,42,3,8.0,2.8,0.4,38,1274.3,0.469139904023625,0.4418087512708283,0.4664406779661016,0.1680631804454391,-0.0343555631800329,4.169919344444184,0.1276251561242896,-0.0387203698094209,4.169919344444184,1.147807851798131,-0.050575103511572,4.169919344444184,1.0563201932535915,-0.054472273722979,4.169919344444184,2.102438289923898,-1.469662280845161,4.169919344444184,2.110917450888698,-0.3033725841885619,4.169919344444184,0.0988713318284424,0.0458637631124684
cremad,42,3,16.0,5.6,0.8,4,454.3,0.3892549526270457,0.3073199009727619,0.3871186440677966,0.1539887110769608,-0.0244520603575999,4.169919344444184,0.0734733031165459,-0.0275732770991892,4.169919344444184,0.266349927599856,-0.0334724694980881,4.169919344444184,0.154652896769087,-0.0346108116197649,4.169919344444184,1.9898539597205032,-0.5049971860699678,4.169919344444184,1.479733447223984,-0.1652321634360216,4.169919344444184,0.1011286681715575,0.048253883946355
cremad,42,4,0.0,0.0,0.0,34,1262.6,0.6164353714132474,0.6131282440147939,0.6119016817593791,0.2101868140601288,-0.0339653689329555,4.247550686408009,0.2802130394115454,-0.0250262982333664,4.247550686408009,2.3039080557760307,-0.059522794034116,4.247550686408009,2.255266667407281,-0.0508874030609236,4.247550686408009,3.065997404087836,-1.8570785565244652,4.247550686408009,2.9975698982338246,-0.2764296678305928,4.247550686408009,0.0918103448275862,0.0413553639846743
cremad,42,4,0.5,0.175,0.025,32,1261.9,0.6188712344685796,0.6118400272100998,0.61254851228978,0.1525726553927295,-0.0491501338187649,4.247550686408009,0.1292377003100728,-0.0291701996064555,4.247550686408009,2.0574298702190283,-0.0625499861841412,4.247550686408009,1.962826324587637,-0.0555403492831727,4.247550686408009,2.8848079069203023,-1.7394764402424483,4.247550686408009,2.8718534426646976,-0.3033389627918215,4.247550686408009,0.1021551724137931,0.0522749042145593
cremad,42,4,1.0,0.35,0.05,37,1261.9,0.5948478144274604,0.5932105491772514,0.591849935316947,0.2195198376403819,-0.0405490428819828,4.247550686408009,0.2672593115566433,-0.019967036662444,4.247550686408009,2.288634276123231,-0.067845243730173,4.247550686408009,2.1052445461074725,-0.0401679028470729,4.247550686408009,2.991562094099619,-1.6470905706818684,4.247550686408009,2.901722283005541,-0.3883796615702914,4.247550686408009,0.1133620689655172,0.0641044061302682
cremad,42,4,2.0,0.7,0.1,40,1260.4,0.6082227138643069,0.6033897661342719,0.6041397153945667,0.2284676791128772,-0.0424877223649078,4.247550686408009,0.2807781324825531,-0.0314132166153902,4.247550686408009,2.0738074470494468,-0.0527936499588559,4.247550686408009,2.0297970552782627,-0.0448837348922301,4.247550686408009,2.9720044202314035,-1.7775675306237328,4.247550686408009,2.829207641235815,-0.4123748664617004,4.247550686408009,0.1133620689655172,0.0641044061302681
cremad,42,4,4.0,1.4,0.2,36,1259.7,0.5610753553231428,0.5537543790766044,0.556921086675291,0.2334171660840045,-0.0416683149990397,4.247550686408009,0.218609883927721,-0.0425526385039303,4.247550686408009,1.988291110190236,-0.0575415033793467,4.247550686408009,1.8733998843985251,-0.0426959249983687,4.247550686408009,2.847219481326615,-1.6772999237435895,4.247550686408009,2.8209062309262793,-0.2608076865473476,4.247550686408009,0.1,0.05
cremad,42,4,8.0,2.8,0.4,30,1262.5,0.5196042281219272,0.5104635129384123,0.5161707632600259,0.1926328701066326,-0.0442388524020112,4.247550686408009,0.1320493368499109,-0.0409730925048652,4.247550686408009,1.6939052281728375,-0.0460244771489737,4.247550686408009,1.5698316751045258,-0.0297981520591124,4.247550686408009,2.588971417206449,-1.5129348111407772,4.247550686408009,2.4268849565136916,-0.2855460177203293,4.247550686408009,0.0969827586206896,0.0468151340996168
cremad,42,4,16.0,5.6,0.8,5,484.4,0.3918443282381335,0.3247249806082417,0.3880983182406209,0.1457706368099343,-0.032752947803023,4.247550686408009,0.0651091300386275,-0.0293243709606541,4.247550686408009,0.4000808162429976,-0.0585779466637683,4.247550686408009,0.305508551151775,-0.0264739805147788,4.247550686408009,1.8744313896437168,-0.5329757394128087,4.247550686408009,1.358044935845403,-0.1572760901422594,4.247550686408009,0.0909482758620689,0.0404454022988505
cremad,42,5,0.0,0.0,0.0,25,1113.3,0.55939961085889,0.5509828694424456,0.5551020408163265,0.352777541119377,-0.0507551842683335,4.169716095873848,0.3225633077388474,-0.0331164450430545,4.169716095873848,1.6413816273654716,-0.0441212720625703,4.169716095873848,1.5228776789618317,-0.030154876112971,4.169716095873848,2.7887111103439453,-1.666486097485107,4.169716095873848,2.734356007509694,-0.3036000629500641,4.169716095873848,0.1469387755102041,0.0967587034813925
cremad,42,5,0.5,0.175,0.025,31,1275.7,0.5747799499675715,0.5687517384310657,0.5714285714285714,0.4363399743071561,-0.0373422435646135,4.169716095873848,0.2910805850831162,-0.0206214724778233,4.169716095873848,2.1933287000578137,-0.0469829281781075,4.169716095873848,2.1280581851098215,-0.0552841959727663,4.169716095873848,3.188445073696057,-1.8474146894854584,4.169716095873848,3.086162005756737,-0.342796293723234,4.169716095873848,0.1741496598639456,0.1255702280912365
cremad,42,5,1.0,0.35,0.05,38,1277.8,0.5664720961116773,0.5659902515785027,0.564625850340136,0.3097983953944365,-0.0387410308845748,4.169716095873848,0.2945899306459649,-0.0341896178162306,4.169716095873848,2.3524415107090664,-0.0407873151343958,4.169716095873848,2.1274477847224884,-0.0426944559726196,4.169716095873848,3.2322212415857527,-1.7940246344952184,4.169716095873848,3.075272188070667,-0.3113243616437176,4.169716095873848,0.1501133786848072,0.1001200480192077
cremad,42,5,2.0,0.7,0.1,35,1277.5,0.5406868649433274,0.5380664477776901,0.5380952380952381,0.3870396141654577,-0.0555852813242347,4.169716095873848,0.3306351111497481,-0.0313403862607746,4.169716095873848,1.8590277602729663,-0.0489075240113798,4.169716095873848,1.6504627628950763,-0.0412887214378638,4.169716095873848,2.939997652524304,-1.6956768098309611,4.169716095873848,2.841480080793506,-0.3205240294433489,4.169716095873848,0.1437641723356008,0.0933973589435774
cremad,42,5,4.0,1.4,0.2,38,1277.8,0.5391364773464282,0.536486259327115,0.536734693877551,0.2694713945400835,-0.0527126529221524,4.169716095873848,0.2537487906962128,-0.0370872402897557,4.169716095873848,1.8816702734940307,-0.0488680749628374,4.169716095873848,1.7133556916675046,-0.0328557856580848,4.169716095873848,2.9991166061460586,-1.6938422752441875,4.169716095873848,2.868222921645229,-0.2673399583709832,4.169716095873848,0.1356009070294784,0.0847539015606242
cremad,42,5,8.0,2.8,0.4,36,1275.1,0.4889990425893326,0.4764226212186482,0.4863945578231292,0.2433310088853537,-0.0461069848344077,4.169716095873848,0.2828514110781324,-0.0581977932864541,4.169716095873848,1.650246476248543,-0.045679595183194,4.169716095873848,1.3928460843321249,-0.0364909095392631,4.169716095873848,2.793118111603632,-1.72728020671126,4.169716095873848,2.59355397742537,-0.2528601723758461,4.169716095873848,0.1319727891156462,0.0809123649459784
cremad,42,5,16.0,5.6,0.8,4,453.5,0.3863955032582846,0.3075414410320186,0.3843537414965986,0.1851429046213217,-0.0391298547146572,4.169716095873848,0.1009317655436063,-0.0342164064640639,4.169716095873848,0.3192396014352261,-0.0454450177196639,4.169716095873848,0.2919466931150447,-0.0480910264707512,4.169716095873848,2.26762999354821,-0.43255309035849,4.169716095873848,1.7398523620308888,-0.1665839068152719,4.169716095873848,0.1156462585034013,0.063625450180072
cremad,43,1,0.0,0.0,0.0,36,1275.7,0.5679012345679012,0.5600376785427207,0.5643631436314364,0.3719411311070306,-0.0492022534230205,4.169925001442313,0.2967103044831036,-0.0393704532670771,4.169925001442313,2.1864678449243904,-0.059011095305073,4.169925001442313,2.075559839852901,-0.0354571436355231,4.169925001442313,3.016932865813866,-1.6557355881024538,4.169925001442313,2.881760749835453,-0.3005776339576469,4.169925001442313,0.1453724604966139,0.0951002522905324
cremad,43,1,0.5,0.175,0.025,27,1181.2,0.5496031746031745,0.5369809871784165,0.5460704607046071,0.4048643681355868,-0.0462194693476538,4.169925001442313,0.2721416296673293,-0.0388720531446793,4.169925001442313,2.202545206942164,-0.0546657580884879,4.169925001442313,2.187128836205689,-0.0412012969987509,4.169925001442313,2.934533281552816,-1.393314165171471,4.169925001442313,2.7955157583523995,-0.5250908756569963,4.169925001442313,0.1453724604966139,0.0951002522905324
cremad,43,1,1.0,0.35,0.05,21,985.8,0.5504850088183422,0.5390864943510429,0.5467479674796748,0.336363779236053,-0.0405358853494757,4.169925001442313,0.3135052256576354,-0.0313164942637573,4.169925001442313,2.0114054764335263,-0.0490921102208652,4.169925001442313,1.9628391388984587,-0.027643401648576,4.169925001442313,2.881861284245972,-1.3953478687099494,4.169925001442313,2.8025481633129408,-0.2471532641667,4.169925001442313,0.1584650112866817,0.1089629531270747
cremad,43,1,2.0,0.7,0.1,36,1275.5,0.5439814814814815,0.531601426602612,0.5399728997289973,0.3507222780268613,-0.0390807067928102,4.169925001442313,0.1773625302672155,-0.0376686996156623,4.169925001442313,2.184230836477887,-0.0532437259949949,4.169925001442313,2.092055690795395,-0.022813425208791,4.169925001442313,2.9254863909202387,-1.5756645423528468,4.169925001442313,2.8357691364584072,-0.2082537625162794,4.169925001442313,0.1507900677200903,0.1008365422918603
cremad,43,1,4.0,1.4,0.2,35,1270.2,0.5466269841269842,0.5371694819834208,0.5433604336043361,0.2507593254240934,-0.0280214132145779,4.169925001442313,0.1890971369844605,-0.0377979735667315,4.169925001442313,2.01119487634106,-0.0641752822241557,4.169925001442313,1.8414206332031864,-0.0347765916078044,4.169925001442313,2.85081464450389,-1.55077046076197,4.169925001442313,2.748620531397503,-0.3347700253533832,4.169925001442313,0.127765237020316,0.0764573097862169
cremad,43,1,8.0,2.8,0.4,37,1276.6,0.5282186948853616,0.5147962162767113,0.5237127371273713,0.239081329390427,-0.0328998474830779,4.169925001442313,0.257589324058157,-0.0362292967150734,4.169925001442313,1.8014439695984348,-0.0627384750239876,4.169925001442313,1.6784983791986616,-0.0288571897311644,4.169925001442313,2.6027184260697633,-1.816804836882791,4.169925001442313,2.5832107324903646,-0.2642476837306731,4.169925001442313,0.1191873589164785,0.0673748506174478
cremad,43,1,16.0,5.6,0.8,7,536.3,0.3810626102292769,0.3056165863238503,0.3821138211382114,0.1989554238012454,-0.0239152815580618,4.169925001442313,0.1513427244182184,-0.0345833589591633,4.169925001442313,0.3491566851021765,-0.0436182861000773,4.169925001442313,0.3304412920067103,-0.0394517360528334,4.169925001442313,1.9088863902043691,-0.5026029902955162,4.169925001442313,1.6057687824403883,-0.1392923624572066,4.169925001442313,0.091196388261851,0.037737352277254
cremad,43,2,0.0,0.0,0.0,23,1051.4,0.5880614002707026,0.5671556881932194,0.5816949152542373,0.2758490806055937,-0.0456712019652636,4.169919344444184,0.1832294934265079,-0.0580486842751062,4.169919344444184,1.5763795611762803,-0.0629062413584584,4.169919344444184,1.4177221105452706,-0.0557560111287962,4.169919344444184,2.5874419847389465,-1.7070700099296534,4.169919344444184,2.505514510835397,-0.2964454697147847,4.169919344444184,0.1440180586907449,0.0936661797902005
cremad,43,2,0.5,0.175,0.025,36,1281.2,0.6120616463639719,0.6081270278630221,0.6108474576271187,0.2607276034529082,-0.0384924929282597,4.169919344444184,0.2392255823104969,-0.0412655476246559,4.169919344444184,1.9623134516940584,-0.0733561735743899,4.169919344444184,1.8710114316134483,-0.0584350161097928,4.169919344444184,2.8482585628774655,-1.610489352100645,4.169919344444184,2.649886615885527,-0.3136312519564121,4.169919344444184,0.1151241534988713,0.063072633116452
cremad,43,2,1.0,0.35,0.05,26,1154.1,0.6095730281776793,0.5970778902043233,0.6067796610169491,0.2735357019430187,-0.0419945816761346,4.169919344444184,0.3262114115377463,-0.0413324755627408,4.169919344444184,1.9261387871483728,-0.0796740659814601,4.169919344444184,1.7930965918361617,-0.0594844005544414,4.169919344444184,2.8148316440875645,-1.7247802463923927,4.169919344444184,2.674974012040196,-0.2936244363464624,4.169919344444184,0.1268623024830699,0.0755012614526623
cremad,43,2,2.0,0.7,0.1,39,1281.3,0.615823797219146,0.613456039932839,0.6142372881355932,0.1688267662712324,-0.034262304039843,4.169919344444184,0.1040947245326657,-0.0301280297670771,4.169919344444184,1.9087349763831405,-0.0684916062292959,4.169919344444184,1.7681160772624072,-0.0443422146252814,4.169919344444184,2.807969810976694,-1.8524457360453432,4.169919344444184,2.643355940206616,-0.3023965408168507,4.169919344444184,0.1047404063205417,0.0520780772805736
cremad,43,2,4.0,1.4,0.2,36,1280.9,0.5899870801033592,0.5849677405616797,0.5891525423728814,0.1461640395922181,-0.0388919476023792,4.169919344444184,0.1005241449807599,-0.0323622375900214,4.169919344444184,1.925394799827276,-0.0635037039387391,4.169919344444184,1.8557710698673668,-0.0425442090578513,4.169919344444184,2.773120359836952,-1.749018698076565,4.169919344444184,2.7205399313594523,-0.2716664443658265,4.169919344444184,0.1006772009029345,0.0477758597795777
cremad,43,2,8.0,2.8,0.4,32,1279.9,0.5495293466223699,0.5365373919782455,0.5477966101694915,0.2143104427183999,-0.0423514974607988,4.169919344444184,0.1905801809216085,-0.032486352951806,4.169919344444184,1.8952306157788703,-0.0555267696616708,4.169919344444184,1.787913419302242,-0.0488577361400848,4.169919344444184,2.808823012812664,-1.6048313123316564,4.169919344444184,2.667437444125053,-0.2671228426133103,4.169919344444184,0.1218961625282167,0.0702429956181118
cremad,43,2,16.0,5.6,0.8,4,455.7,0.4260089824043312,0.3447457911766963,0.4196610169491525,0.1234997198294634,-0.028148278896424,4.169919344444184,0.1150487592095252,-0.0266726816074083,4.169919344444184,0.2857646360300241,-0.0429253008969388,4.169919344444184,0.1551502899765386,-0.0445571284776145,4.169919344444184,1.924679380718851,-0.433494684578168,4.169919344444184,1.3356573736787274,-0.1857257114822683,4.169919344444184,0.0979683972911963,0.0449077147789138
cremad,43,3,0.0,0.0,0.0,35,1279.9,0.5679340470038144,0.5686431430130571,0.5667796610169491,0.3520196619006088,-0.0503979216838352,4.169919344444184,0.3615928091953422,-0.051688130480219,4.169919344444184,2.26353747160994,-0.0595482361421089,4.169919344444184,2.2185665589361645,-0.031600860135807,4.169919344444184,3.1862401525009334,-1.9725741931067953,4.169919344444184,3.104368754645502,-0.4239432996752059,4.169919344444184,0.1498871331828442,0.0998804939583056
cremad,43,3,0.5,0.175,0.025,39,1272.5,0.5595422665190107,0.5604050801049499,0.5586440677966101,0.3087476379161655,-0.0488690725019784,4.169919344444184,0.2795688378247205,-0.0411970397879803,4.169919344444184,2.3707742234680245,-0.0491016133625894,4.169919344444184,2.322923300654865,-0.0480678769035574,4.169919344444184,3.2322770090522117,-1.8341483839652384,4.169919344444184,2.996597692872525,-0.3131466570414467,4.169919344444184,0.1480812641083521,0.0979683972911964
cremad,43,3,1.0,0.35,0.05,32,1272.0,0.5534976005906239,0.5536377719064659,0.551864406779661,0.3298632190783142,-0.0428550196856472,4.169919344444184,0.2414863006291807,-0.03706863826201,4.169919344444184,2.28012099049546,-0.056866024638075,4.169919344444184,2.200597085147149,-0.0494331594562105,4.169919344444184,3.1308908943121696,-1.859055219729516,4.169919344444184,3.01054534673786,-0.4950423633057204,4.169919344444184,0.127765237020316,0.0764573097862169
cremad,43,3,2.0,0.7,0.1,37,1278.4,0.5683185677371725,0.5624792267734053,0.5654237288135593,0.248629098074641,-0.0396188700370725,4.169919344444184,0.2525955864679421,-0.0323586819184651,4.169919344444184,2.3001963214009473,-0.061251980338195,4.169919344444184,2.209885694258885,-0.0506589780832502,4.169919344444184,3.161443716967908,-1.7904892861766726,4.169919344444184,3.0326009036861024,-0.2814510398785206,4.169919344444184,0.1128668171557562,0.0606825122825653
cremad,43,3,4.0,1.4,0.2,36,1273.7,0.5442598744924326,0.5398849893892234,0.5416949152542373,0.2984174712770109,-0.0349985492113535,4.169919344444184,0.2723783068479091,-0.0374217330645434,4.169919344444184,2.258115097274999,-0.0500277229479655,4.169919344444184,2.134565049725219,-0.064249146483883,4.169919344444184,3.026939163261391,-1.7443642041879102,4.169919344444184,2.9096815983434583,-0.3165842104507783,4.169919344444184,0.1264108352144469,0.0750232372858849
cremad,43,3,8.0,2.8,0.4,31,1279.5,0.5013627414790206,0.4844010004574608,0.4983050847457627,0.2071803168969417,-0.0438378800348102,4.169919344444184,0.2129814736122073,-0.0388352311261721,4.169919344444184,1.2743531500966243,-0.0647487570215883,4.169919344444184,1.1612825165935523,-0.0324708447746227,4.169919344444184,2.4906552653187823,-1.6420050376077209,4.169919344444184,2.3737662769143997,-0.2142915373625058,4.169919344444184,0.1200902934537246,0.0683308989510025
cremad,43,3,16.0,5.6,0.8,5,475.6,0.3805155653992862,0.2997647557046534,0.375593220338983,0.1561095628286342,-0.0189076198836906,4.169919344444184,0.0849724136365983,-0.0242526832571616,4.169919344444184,0.3969636632995605,-0.0478155367156647,4.169919344444184,0.3076116503607369,-0.0427389444138395,4.169919344444184,1.8886765740859204,-0.428970713584297,4.169919344444184,1.1886229498353682,-0.1561361320884069,4.169919344444184,0.1060948081264108,0.0535121497809056
cremad,43,4,0.0,0.0,0.0,37,1262.5,0.609273040135872,0.6073887958268666,0.6054333764553687,0.1982563007995832,-0.0564085330378967,4.247550686408009,0.2071011179526758,-0.0277093405911799,4.247550686408009,1.9549529702233672,-0.053038206506101,4.247550686408009,1.946145840718522,-0.0480879791005843,4.247550686408009,2.906188300243271,-1.8217018633149424,4.247550686408009,2.6799809419354954,-0.2919598816670126,4.247550686408009,0.109051724137931,0.0595545977011494
cremad,43,4,0.5,0.175,0.025,34,1266.2,0.6043286850808974,0.6000980725928701,0.6002587322121604,0.2223038386564431,-0.0384481369812723,4.247550686408009,0.269686995153521,-0.0368840137453698,4.247550686408009,2.2617366111301225,-0.0618039220250938,4.247550686408009,2.1689824128002777,-0.0313965753173608,4.247550686408009,3.0468061069915393,-1.63858950511412,4.247550686408009,2.937479557266958,-0.3041329563300623,4.247550686408009,0.1258620689655172,0.0772988505747126
cremad,43,4,1.0,0.35,0.05,37,1266.2,0.599803343166175,0.595347945444259,0.5957309184993532,0.2367632543901328,-0.0577633955902099,4.247550686408009,0.2035621677473198,-0.0485476971992584,4.247550686408009,2.2492324816163247,-0.0519951068631447,4.247550686408009,2.1943792897313585,-0.0554719036694439,4.247550686408009,2.961125004916817,-1.5225804743443216,4.247550686408009,2.780172649733739,-0.2819738928847997,4.247550686408009,0.1112068965517241,0.0618295019157088
cremad,43,4,2.0,0.7,0.1,28,1203.9,0.5941271118262269,0.5851143766280608,0.5892626131953428,0.2586278957365926,-0.055121797117402,4.247550686408009,0.2046277680097068,-0.0437001606878748,4.247550686408009,1.9439440528019525,-0.062664424896063,4.247550686408009,1.869465732939371,-0.0323141174893342,4.247550686408009,2.832377347089603,-1.595393952974092,4.247550686408009,2.7167159742319407,-0.3627890384421439,4.247550686408009,0.1163793103448275,0.0672892720306513
cremad,43,4,4.0,1.4,0.2,38,1256.6,0.5614999553052651,0.5538497666114847,0.556921086675291,0.3031135329896535,-0.0452666167472273,4.247550686408009,0.3817596055229839,-0.0324776467900926,4.247550686408009,1.593775187384043,-0.0571820417213295,4.247550686408009,1.5215229468892182,-0.0505556045088591,4.247550686408009,2.6979076881819855,-1.6506917428052157,4.247550686408009,2.643109049801512,-0.3054727409603925,4.247550686408009,0.1293103448275862,0.0809386973180076
cremad,43,4,8.0,2.8,0.4,34,1256.0,0.5191014123536247,0.4946326032655999,0.5129366106080206,0.1830761977802684,-0.029177712082224,4.247550686408009,0.1102846268745212,-0.0372323096571962,4.247550686408009,0.9275021383842246,-0.0295993998809942,4.247550686408009,0.7349966926767073,-0.0390026646758032,4.247550686408009,2.36435645959767,-1.385768453038228,4.247550686408009,2.131863591313332,-0.2676529359736399,4.247550686408009,0.1008620689655172,0.0509099616858237
cremad,43,4,16.0,5.6,0.8,4,446.9,0.3686868686868687,0.3082531480845081,0.3777490297542044,0.1298962469983138,-0.0287792840344733,4.247550686408009,0.0718555990265175,-0.0242249153030371,4.247550686408009,0.5134791782027293,-0.0474860717746583,4.247550686408009,0.4282894952905831,-0.0317997688146904,4.247550686408009,2.0910563536356612,-0.4153770066926707,4.247550686408009,1.513026649433599,-0.1517690311119972,4.247550686408009,0.0870689655172413,0.0363505747126436
cremad,43,5,0.0,0.0,0.0,25,1121.1,0.5420303282992063,0.5283828602051259,0.5360544217687074,0.3488751083789272,-0.0542328111752388,4.169716095873848,0.34078513890978,-0.0312499276129338,4.169716095873848,2.0109529297772957,-0.059455628309716,4.169716095873848,1.896288050985188,-0.0522516044512526,4.169716095873848,3.0346732166728136,-1.628142736923091,4.169716095873848,2.9055890233910535,-0.2675549976180535,4.169716095873848,0.1369614512471655,0.0861944777911164
cremad,43,5,0.5,0.175,0.025,40,1280.4,0.5635967756879459,0.5624027611810966,0.5612244897959183,0.3798880995632325,-0.0444503598007477,4.169716095873848,0.3496478281069612,-0.0423187222894769,4.169716095873848,2.1610055039878397,-0.0493413686315546,4.169716095873848,2.1273938123137763,-0.0467089490045937,4.169716095873848,3.1652065543172743,-1.829328511518863,4.169716095873848,3.027603879241847,-0.3699853768771461,4.169716095873848,0.1668934240362811,0.1178871548619447
cremad,43,5,1.0,0.35,0.05,36,1280.4,0.568254115321659,0.5627065901622935,0.5639455782312925,0.3946568410860713,-0.047796780820458,4.169716095873848,0.3338465588539732,-0.0368113439365735,4.169716095873848,2.313819793842254,-0.0419714119986389,4.169716095873848,2.2284933606690673,-0.0420022802326309,4.169716095873848,3.2126692689411467,-1.7394235743009476,4.169716095873848,3.0919335007198847,-0.2707980154482916,4.169716095873848,0.1564625850340136,0.1068427370948379
cremad,43,5,2.0,0.7,0.1,34,1275.2,0.5497699125976713,0.5449966786791062,0.545578231292517,0.400507450704028,-0.0500684882823669,4.169716095873848,0.2653296159233398,-0.0326163698799772,4.169716095873848,2.1023321969874624,-0.0580648454259993,4.169716095873848,1.9433735045900111,-0.0366554819676023,4.169716095873848,3.0114582318349927,-1.7432634032500145,4.169716095873848,2.919160587609788,-0.2593958452515457,4.169716095873848,0.1446712018140589,0.0943577430972389
cremad,43,5,4.0,1.4,0.2,39,1280.5,0.5592853392631026,0.5541165764431023,0.5557823129251701,0.2898042121693756,-0.0513217830723604,4.169716095873848,0.2624753775796886,-0.0431966617800521,4.169716095873848,2.1144206555384275,-0.0573643129722762,4.169716095873848,1.9769923896042136,-0.0584549336910269,4.169716095873848,3.0817990762918783,-1.6863966731968132,4.169716095873848,2.9332387564092626,-0.376488625349209,4.169716095873848,0.1496598639455782,0.0996398559423769
cremad,43,5,8.0,2.8,0.4,32,1275.8,0.4610025016214212,0.4370951443414451,0.4571428571428571,0.3365403189833151,-0.0522147224554752,4.169716095873848,0.2872144057598751,-0.037271913189012,4.169716095873848,1.6063638381482268,-0.0400784819315207,4.169716095873848,1.390584478184107,-0.046290866547479,4.169716095873848,2.6572917627698125,-1.5703058321472805,4.169716095873848,2.5575411678405935,-0.2659131042471072,4.169716095873848,0.1496598639455782,0.0996398559423769
cremad,43,5,16.0,5.6,0.8,8,574.0,0.3951511782328052,0.3211898416636427,0.3904761904761905,0.2231577299573732,-0.0477700656781081,4.169716095873848,0.1451317688095352,-0.0505128231828493,4.169716095873848,0.3241942209687538,-0.0471240350045416,4.169716095873848,0.296414259124663,-0.0283160504492041,4.169716095873848,1.9922334343036812,-0.6274048745939478,4.169716095873848,1.4790219711450685,-0.1781634578281119,4.169716095873848,0.1147392290249433,0.0626650660264105
cremad,44,1,0.0,0.0,0.0,33,1273.9,0.5617283950617283,0.5583125521973282,0.559620596205962,0.334785443829265,-0.0506357852511953,4.169925001442313,0.3611104490307033,-0.0280804661856759,4.169925001442313,2.251960024148638,-0.0536062502685297,4.169925001442313,2.1893915301828666,-0.0448916312911169,4.169925001442313,3.034177404625977,-1.668875996137972,4.169925001442313,2.989166990989796,-0.2973941878962511,4.169925001442313,0.1530474040632054,0.1032266631257469
cremad,44,1,0.5,0.175,0.025,39,1273.8,0.5690035273368607,0.5640691026566589,0.5670731707317073,0.4083681580699321,-0.0449436933020708,4.169925001442313,0.4271603215304225,-0.0274698749340611,4.169925001442313,2.182374936140132,-0.0606216486922068,4.169925001442313,2.1368041858170046,-0.0393735105626866,4.169925001442313,3.0234954343668843,-1.6195972751160372,4.169925001442313,2.8870582610451914,-0.2673035655370821,4.169925001442313,0.1706546275395034,0.1218696056300624
cremad,44,1,1.0,0.35,0.05,26,1150.7,0.5389109347442681,0.5187126928107691,0.5331978319783198,0.2419569081293167,-0.0560510901403921,4.169925001442313,0.200525341941586,-0.0478768939972988,4.169925001442313,1.691180064463937,-0.062327343473993,4.169925001442313,1.441970837084292,-0.0264131179418205,4.169925001442313,2.7761334614158293,-1.5272273502033338,4.169925001442313,2.551357761304888,-0.2601898942633944,4.169925001442313,0.1376975169300225,0.086973841455318
cremad,44,1,2.0,0.7,0.1,25,1118.1,0.5327380952380952,0.504742632930249,0.5271002710027101,0.2244317775498761,-0.0474906682297131,4.169925001442313,0.1657472923590557,-0.0266913147841378,4.169925001442313,1.4745922128646771,-0.0494064203738631,4.169925001442313,1.3896492109603529,-0.0256772024098603,4.169925001442313,2.773309540750561,-1.4364875830158237,4.169925001442313,2.5033769573987543,-0.2429870512663576,4.169925001442313,0.1336343115124153,0.0826716239543221
cremad,44,1,4.0,1.4,0.2,26,1156.1,0.5169753086419754,0.4997798554803148,0.5128726287262872,0.2436344231305982,-0.0517200312183465,4.169925001442313,0.2093034811216578,-0.0290153397505825,4.169925001442313,1.3611411277155208,-0.0428757264031354,4.169925001442313,1.230765906066048,-0.0345063865616097,4.169925001442313,2.6060599846393027,-1.427157297289285,4.169925001442313,2.426852690300371,-0.3700622608677468,4.169925001442313,0.1381489841986455,0.0874518656220953
cremad,44,1,8.0,2.8,0.4,31,1274.2,0.4923941798941798,0.47596578088747,0.4898373983739837,0.203070851736101,-0.0585724027358045,4.169925001442313,0.1309716150354347,-0.0275937214006862,4.169925001442313,0.5045396130162647,-0.0500723981844295,4.169925001442313,0.4816040847870053,-0.0339533461394863,4.169925001442313,2.250161124326204,-1.5562410963319977,4.169925001442313,1.9124409393268824,-0.3273818405230191,4.169925001442313,0.1318284424379232,0.0807595272872128
cremad,44,1,16.0,5.6,0.8,10,642.1,0.3624338624338625,0.3037695388259055,0.3644986449864498,0.1444001488361346,-0.0228073912982287,4.169925001442313,0.0900204705506562,-0.0267357933642813,4.169925001442313,0.4151226644407475,-0.0362835164546835,4.169925001442313,0.3835637949704749,-0.0270391631790527,4.169925001442313,1.7530880485008282,-0.5687093453421612,4.169925001442313,1.1484610805303244,-0.1475550628034057,4.169925001442313,0.091196388261851,0.037737352277254
cremad,44,2,0.0,0.0,0.0,40,1273.0,0.6082502768549279,0.6025608774372803,0.6054237288135593,0.3422006561642816,-0.0664809565543746,4.169919344444184,0.2522211026124239,-0.0527154275330872,4.169919344444184,1.9743566456285615,-0.0714509201876678,4.169919344444184,1.9323454294109157,-0.0517085498120684,4.169919344444184,2.825457396226504,-1.943323635664307,4.169919344444184,2.7740657132813005,-0.2670550748796554,4.169919344444184,0.1521444695259593,0.1022706147921922
cremad,44,2,0.5,0.175,0.025,34,1274.0,0.6194229112833765,0.613086509401109,0.615593220338983,0.2073489841472833,-0.0677564695057082,4.169919344444184,0.131429305381113,-0.0514734850511047,4.169919344444184,1.956385746756058,-0.0816181159705964,4.169919344444184,1.795354595932778,-0.0556669642128282,4.169919344444184,2.7895413653526564,-1.8601402437236372,4.169919344444184,2.644976942466135,-0.3286398628493092,4.169919344444184,0.1182844243792325,0.0664188022838932
cremad,44,2,1.0,0.35,0.05,35,1273.8,0.6191091423649563,0.615524198191277,0.6183050847457627,0.2106843128307121,-0.0687157543063774,4.169919344444184,0.1523568868307681,-0.0365029286097859,4.169919344444184,1.8125969311606251,-0.0605346195204967,4.169919344444184,1.682189467612582,-0.033821268142252,4.169919344444184,2.616421820003512,-1.8775182349642137,4.169919344444184,2.581513939066906,-0.3289773134313485,4.169919344444184,0.1331828442437923,0.0821935997875448
cremad,44,2,2.0,0.7,0.1,37,1273.1,0.6125599852344038,0.6063563874324093,0.6094915254237289,0.2908114726310686,-0.0641013571096724,4.169919344444184,0.2338555085861418,-0.0433582236028868,4.169919344444184,1.8639590354979416,-0.0666860263264705,4.169919344444184,1.578521578275478,-0.0290289991125627,4.169919344444184,2.5733542300194387,-1.748680027796966,4.169919344444184,2.583186228671713,-0.4115246586051508,4.169919344444184,0.1354401805869074,0.0845837206214314
cremad,44,2,4.0,1.4,0.2,37,1272.4,0.5912821459333087,0.5804053640062339,0.5877966101694915,0.1664860408074995,-0.0654431784692137,4.169919344444184,0.2160277195950355,-0.0457177019027161,4.169919344444184,1.603209984446217,-0.0644984753008213,4.169919344444184,1.561685397839057,-0.0542094044249665,4.169919344444184,2.3864457957522403,-1.8311612931932617,4.169919344444184,2.3512549788466424,-0.2887955852029229,4.169919344444184,0.1255079006772009,0.0740671889523303
cremad,44,2,8.0,2.8,0.4,40,1270.7,0.5255352528608342,0.5064971271138743,0.5220338983050847,0.092233980272713,-0.0677547598278645,4.169919344444184,0.1310662455056439,-0.0429407523130818,4.169919344444184,0.6620506867507174,-0.044205686372341,4.169919344444184,0.6201272568192331,-0.0303639487823152,4.169919344444184,1.9042260778835551,-1.4473411013214266,4.169919344444184,1.857696306582024,-0.2902585394390815,4.169919344444184,0.0997742663656885,0.0468198114460231
cremad,44,2,16.0,5.6,0.8,1,354.1,0.167897133013412,0.0556284489843841,0.1715254237288135,0.4557916286384267,-0.0496094748439723,4.169919344444184,0.352958626380139,-0.0323542104938647,4.169919344444184,0.3451853112766554,-0.052505584940679,4.169919344444184,0.3041143881305483,-0.0421704261618982,4.169919344444184,2.5517373781363335,-0.4095060876146386,4.169919344444184,1.8534797469263915,-0.1369229827031635,4.169919344444184,0.074040632054176,0.0195724339397158
cremad,44,3,0.0,0.0,0.0,31,1278.0,0.5701888765842255,0.5658871225838075,0.5674576271186441,0.3046729492580846,-0.0565352758402681,4.169919344444184,0.1907825470700168,-0.0477666593545222,4.169919344444184,2.1421939934000216,-0.0677965577349128,4.169919344444184,2.0694889644224492,-0.0532198361555247,4.169919344444184,3.0777359345529876,-2.105228978644564,4.169919344444184,3.008152703073442,-0.2626480237364044,4.169919344444184,0.1237020316027088,0.072155092285221
cremad,44,3,0.5,0.175,0.025,31,1279.6,0.567131167712563,0.5609620496312927,0.5633898305084746,0.3010246218015631,-0.0522423541173093,4.169919344444184,0.2246855146376924,-0.0318535068278968,4.169919344444184,2.280090681165744,-0.0673045309293574,4.169919344444184,2.2540143937124633,-0.0497497390422916,4.169919344444184,3.0268153511147333,-1.900854189233507,4.169919344444184,2.9277692700176807,-0.4175540570947769,4.169919344444184,0.1395033860045146,0.0888859381224273
cremad,44,3,1.0,0.35,0.05,17,866.6,0.5152731635289775,0.5126063032486167,0.511864406779661,0.3662328816470128,-0.0498045367198809,4.169919344444184,0.3664451072002035,-0.0429814227726677,4.169919344444184,1.55966205362432,-0.0669474474792997,4.169919344444184,1.4335324975380987,-0.0454253900146497,4.169919344444184,2.6242061501622445,-1.4566196308476282,4.169919344444184,2.478281961013389,-0.3550668042850766,4.169919344444184,0.1494356659142212,0.0994024697915283
cremad,44,3,2.0,0.7,0.1,32,1280.8,0.568823058939338,0.5642184725927658,0.5674576271186441,0.2706581400983854,-0.0437552791959108,4.169919344444184,0.1655730507322834,-0.0343046598379341,4.169919344444184,1.6780631232095558,-0.0540705588810634,4.169919344444184,1.393477187209088,-0.0583202036670336,4.169919344444184,2.641707054347388,-2.0034699271989824,4.169919344444184,2.501780973265905,-0.3151221135801991,4.169919344444184,0.1218961625282167,0.0702429956181118
cremad,44,3,4.0,1.4,0.2,31,1280.5,0.5323335794266028,0.5276011674228677,0.5301694915254237,0.2542985887676381,-0.0460952826562506,4.169919344444184,0.3494024314673578,-0.0319073290321609,4.169919344444184,2.078521530197112,-0.0596644144044669,4.169919344444184,1.91194173062449,-0.0471424059020755,4.169919344444184,2.741810309276589,-1.9506486925153288,4.169919344444184,2.6422726857629035,-0.3955186232610721,4.169919344444184,0.1318284424379232,0.0807595272872128
cremad,44,3,8.0,2.8,0.4,37,1279.6,0.4792881752184078,0.457020945820715,0.4766101694915254,0.1909920726878264,-0.0565192046830125,4.169919344444184,0.1640375798332973,-0.0226029076477862,4.169919344444184,0.3100216723715472,-0.0576280524023813,4.169919344444184,0.2833084137970223,-0.0449376290343082,4.169919344444184,1.749352876989685,-1.7645622668085288,4.169919344444184,1.5145546788397972,-0.2807361180715597,4.169919344444184,0.1232505643340858,0.0716770681184437
cremad,44,3,16.0,5.6,0.8,6,518.3,0.3901870308847053,0.3123614139743172,0.3864406779661017,0.2045363143445637,-0.0285061481882253,4.169919344444184,0.0885478026917407,-0.042654660957047,4.169919344444184,0.3836200465363908,-0.0660028081335495,4.169919344444184,0.3604732258729846,-0.0419733263986774,4.169919344444184,1.9208524686642043,-0.5383319499464099,4.169919344444184,1.3890850220568105,-0.1692092260294195,4.169919344444184,0.1011286681715575,0.048253883946355
cremad,44,4,0.0,0.0,0.0,26,1131.1,0.6054684008223831,0.6103372406650337,0.6034928848641656,0.2397797168855868,-0.0631599292682114,4.247550686408009,0.2039375233633569,-0.0472008683068727,4.247550686408009,2.046381179617802,-0.0868761026559479,4.247550686408009,1.9803703891799,-0.040813826098649,4.247550686408009,2.886809341880994,-1.9377913200441297,4.247550686408009,2.7437376157706597,-0.3485425659731378,4.247550686408009,0.1068965517241379,0.05727969348659
cremad,44,4,0.5,0.175,0.025,33,1257.2,0.6212568159470814,0.6202247369414464,0.6190168175937905,0.2173973206076871,-0.0679337248016551,4.247550686408009,0.1878873592440051,-0.0346652951829433,4.247550686408009,2.2987244256558412,-0.0770626794084581,4.247550686408009,2.1343518524228817,-0.032596270599134,4.247550686408009,3.0464475594150895,-1.9870504144646084,4.247550686408009,3.0026647709464713,-0.2947880853885394,4.247550686408009,0.1051724137931034,0.0554597701149425
cremad,44,4,1.0,0.35,0.05,35,1257.3,0.6024459193706982,0.5930239193838924,0.5970245795601552,0.3372939765866367,-0.0532809702299879,4.247550686408009,0.2564892360797999,-0.019621429085193,4.247550686408009,2.01664208551332,-0.0663087372056425,4.247550686408009,1.9545194326349669,-0.0444868786903898,4.247550686408009,2.815056964904719,-2.016448401752168,4.247550686408009,2.6958584842311417,-0.2745885131198058,4.247550686408009,0.1271551724137931,0.0786637931034482
cremad,44,4,2.0,0.7,0.1,15,788.0,0.5658297577545365,0.5531058883922547,0.5595084087968952,0.2277627750900119,-0.0504568820142621,4.247550686408009,0.1444382662413428,-0.0335149255899738,4.247550686408009,0.5471582050990444,-0.0431498034665924,4.247550686408009,0.3723563573073503,-0.0655568027640693,4.247550686408009,2.145379897336808,-1.2508576041813502,4.247550686408009,1.8540842627389975,-0.3326699866327933,4.247550686408009,0.1038793103448275,0.0540948275862068
cremad,44,4,4.0,1.4,0.2,28,1161.0,0.5363647537320103,0.5196128583500668,0.5297542043984476,0.1980423301328615,-0.0448397342646851,4.247550686408009,0.1267973344570911,-0.0237729706827529,4.247550686408009,0.6744285295382095,-0.0337025513865496,4.247550686408009,0.4524369161710426,-0.0313850226226799,4.247550686408009,2.2767876485695657,-1.504112063124813,4.247550686408009,2.0779266762367103,-0.2757321525858494,4.247550686408009,0.1168103448275862,0.0677442528735632
cremad,44,4,8.0,2.8,0.4,28,1103.1,0.482049477071601,0.4316219296181272,0.4767141009055627,0.1715281463108837,-0.0549296098685783,4.247550686408009,0.0970134504491708,-0.0325964781203378,4.247550686408009,0.2621584225968312,-0.04911878364436,4.247550686408009,0.1831884929913494,-0.0391782912538793,4.247550686408009,1.84798297690025,-1.2911251841674956,4.247550686408009,1.5637273918053674,-0.2779627907778428,4.247550686408009,0.1120689655172413,0.0627394636015325
cremad,44,4,16.0,5.6,0.8,32,1126.0,0.3714300080450523,0.3204766999949668,0.3673997412677878,0.1782132002288383,-0.0448537959771266,4.247550686408009,0.162060348900253,-0.0185431603574244,4.247550686408009,0.2980656037055942,-0.0466554974791275,4.247550686408009,0.1918036944439762,-0.0519776437284971,4.247550686408009,1.8475436874679432,-1.0255548836924993,4.247550686408009,1.4731945988982522,-0.2429912456068255,4.247550686408009,0.1017241379310344,0.0518199233716475
cremad,44,5,0.0,0.0,0.0,34,1092.5,0.5779826430711263,0.5794971150190943,0.5761904761904761,0.3719651858754909,-0.0543129316585018,4.169716095873848,0.267406695434409,-0.0398732243842552,4.169716095873848,2.2885775131423207,-0.0539370492441744,4.169716095873848,2.1635797821224605,-0.0408505034784756,4.169716095873848,2.9705170992703023,-1.9901673084462272,4.169716095873848,2.9596771826390653,-0.3993669348436093,4.169716095873848,0.1655328798185941,0.1164465786314525
cremad,44,5,0.5,0.175,0.025,32,1075.7,0.5811976898607122,0.577745819355306,0.5782312925170068,0.3237970055081285,-0.0380715437953638,4.169716095873848,0.2759379825850185,-0.038348158520006,4.169716095873848,2.245686483431291,-0.0667819514962442,4.169716095873848,2.210331540039199,-0.0363753127605752,4.169716095873848,3.1960611937580063,-1.7264265910362218,4.169716095873848,3.086270874148556,-0.4102847276500432,4.169716095873848,0.1487528344671201,0.0986794717887154
cremad,44,5,1.0,0.35,0.05,39,1039.8,0.5772105376941844,0.5771824635346036,0.5748299319727891,0.2835170521105783,-0.0370268256441272,4.169716095873848,0.2867754477020665,-0.0356863759152794,4.169716095873848,2.0762317889672564,-0.0610295467273074,4.169716095873848,1.7968402081779402,-0.0391348266320186,4.169716095873848,2.9720471752886883,-2.0655684318351613,4.169716095873848,2.938587523428702,-0.3981300997771049,4.169716095873848,0.1514739229024943,0.1015606242496999
cremad,44,5,2.0,0.7,0.1,40,958.7,0.5657061675777509,0.5619112528223517,0.5619047619047619,0.2510811494113358,-0.0485270014111289,4.169716095873848,0.3214707845816535,-0.0297044220077191,4.169716095873848,2.2934318379880265,-0.0569206855741502,4.169716095873848,2.1898403012906176,-0.0475731235386138,4.169716095873848,3.0794066527343595,-1.867764835197918,4.169716095873848,2.939823453344204,-0.401717407950696,4.169716095873848,0.1569160997732426,0.1073229291716686
cremad,44,5,4.0,1.4,0.2,29,932.2,0.5398004879705982,0.5389513158679599,0.5374149659863946,0.3226953296163901,-0.0511671737353749,4.169716095873848,0.2588820491620236,-0.0323344583975986,4.169716095873848,0.946677591786552,-0.0469686871704535,4.169716095873848,0.6495305295648914,-0.0298262836754554,4.169716095873848,2.5081099184075244,-1.698214099991854,4.169716095873848,2.362336206124522,-0.3635553467397496,4.169716095873848,0.1664399092970521,0.117406962785114
cremad,44,5,8.0,2.8,0.4,31,904.4,0.4810401803638161,0.4614474707058985,0.4761904761904761,0.2641462831424186,-0.0453506930479905,4.169716095873848,0.2423299522394888,-0.0311266196587158,4.169716095873848,0.7867520923886362,-0.0283927529949838,4.169716095873848,0.6325925216303316,-0.0328928567496262,4.169716095873848,2.1761765343970643,-1.6342010488659948,4.169716095873848,2.0852941450049483,-0.483558442218996,4.169716095873848,0.1455782312925169,0.0953181272509003
cremad,44,5,16.0,5.6,0.8,8,486.0,0.3855214799715865,0.3149605164912759,0.3809523809523809,0.1908007190920089,-0.027205333792069,4.169716095873848,0.1231679237592473,-0.0235370094149915,4.169716095873848,0.3693199346272537,-0.0492450595513425,4.169716095873848,0.2143475892268869,-0.0484450258710582,4.169716095873848,1.8893147190088229,-0.5691597760583074,4.169716095873848,1.2948284584560534,-0.177492912191437,4.169716095873848,0.1056689342403628,0.0530612244897959
cremad,42,1,32.0,11.2,1.6,6,356.6,0.3637566137566137,0.319359904160288,0.3692411924119241,0.265485454434061,-0.0368437386686597,4.169925001442313,0.221788890706903,-0.0540019497070982,4.169925001442313,0.3174033539513012,-0.0475312445618589,4.169925001442313,0.2852778810675564,-0.0280023442280743,4.169925001442313,1.8711200472208096,-0.4200972056858116,4.169925001442313,1.2179842918304509,-0.181141172325657,4.169925001442313,0.0930022573363431,0.0396494489443633
cremad,42,1,64.0,22.4,3.2,7,375.6,0.3248456790123457,0.2301414508732993,0.3238482384823848,0.2068057258749989,-0.0307836397793463,4.169925001442313,0.1369185269778441,-0.0415201587248912,4.169925001442313,0.3188195715260629,-0.0465736074853531,4.169925001442313,0.2994612427552994,-0.0390523550060013,4.169925001442313,1.8230761971221656,-0.4561832370627909,4.169925001442313,1.2006598787122482,-0.217256825071642,4.169925001442313,0.0966139954853273,0.0434736422785818
cremad,42,2,32.0,11.2,1.6,3,296.6,0.3865294696690045,0.3241301266351161,0.3905084745762712,0.1171911646808316,-0.0171739489152615,4.169919344444184,0.0528166231831273,-0.025345182198138,4.169919344444184,0.3903018578501989,-0.0319569543093178,4.169919344444184,0.2744782212200198,-0.0272962987565659,4.169919344444184,2.3309143168646034,-0.445272128790755,4.169919344444184,1.7983193450523314,-0.120555409732602,4.169919344444184,0.0898419864559819,0.036303279776922
cremad,42,2,64.0,22.4,3.2,13,509.7,0.3315060908084164,0.2767520087436211,0.3383050847457627,0.0984642038137098,-0.0478739149738904,4.169919344444184,0.0887099272044809,-0.0510834880065553,4.169919344444184,0.1615893713519502,-0.0329010199901018,4.169919344444184,0.1155451844461552,-0.0147802942827128,4.169919344444184,1.1759124125460425,-0.3971697138022376,4.169919344444184,0.6952507213316568,-0.1387771266361754,4.169919344444184,0.0893905191873589,0.0358252556101447
cremad,42,3,32.0,11.2,1.6,4,315.6,0.3645841023748,0.2918220433217978,0.3647457627118644,0.171310398471387,-0.0200645686369682,4.169919344444184,0.1019072291697584,-0.0308804740495602,4.169919344444184,0.3894280707509416,-0.047954435129311,4.169919344444184,0.2507642719503118,-0.0484763717946012,4.169919344444184,2.0845795796544855,-0.3723852394733393,4.169919344444184,1.2905064684702574,-0.1735330624738766,4.169919344444184,0.0943566591422121,0.0410835214446952
cremad,42,3,64.0,22.4,3.2,1,254.5,0.1666666666666666,0.0486392588303416,0.1708474576271186,0.4734186978975807,-0.0426748907721439,4.169919344444184,0.327690696540285,-0.0373625069048166,4.169919344444184,0.5060874909960544,-0.0526810298009232,4.169919344444184,0.4308692767221727,-0.039184356778108,4.169919344444184,2.530452873005257,-0.3465709352669721,4.169919344444184,1.8698361324410049,-0.1552640927097446,4.169919344444184,0.1164785553047404,0.0645067056167839
cremad,42,4,32.0,11.2,1.6,3,293.5,0.3608094216501296,0.2839005135311052,0.3680465717981889,0.2750408996366298,-0.022903191690716,4.247550686408009,0.1567169131071937,-0.0210782648526937,4.247550686408009,0.4051937194976309,-0.041581506330929,4.247550686408009,0.3981861075940247,-0.0283547301946818,4.247550686408009,2.083976776940086,-0.3690882665430015,4.247550686408009,1.5569065530849815,-0.1408917057806702,4.247550686408009,0.1176724137931034,0.0686542145593869
cremad,42,4,64.0,22.4,3.2,2,273.1,0.2152777777777778,0.1168647988129528,0.2205692108667529,0.2935767627099901,-0.0426916365599305,4.247550686408009,0.3519931490101804,-0.0330329784914411,4.247550686408009,0.4313767582862926,-0.0420383705259972,4.247550686408009,0.4650113285048949,-0.026776323306862,4.247550686408009,2.2057612455740134,-0.3370878394571424,4.247550686408009,1.7131070245159727,-0.13990894074532,4.247550686408009,0.0827586206896551,0.0318007662835249
cremad,42,5,32.0,11.2,1.6,4,312.8,0.3705580777664536,0.2833005474737877,0.3707482993197279,0.2848998784412981,-0.0394425066171306,4.169716095873848,0.1107544403722515,-0.0424504442892885,4.169716095873848,0.4091846561718317,-0.058113870089369,4.169716095873848,0.364737621641956,-0.0348358788621352,4.169716095873848,2.3433001004738667,-0.3930995579289682,4.169716095873848,1.8108531620899115,-0.1603640770063172,4.169716095873848,0.1111111111111111,0.0588235294117647
cremad,42,5,64.0,22.4,3.2,1,253.7,0.2058710892862657,0.0925434041423094,0.2047619047619047,0.2493724814493316,-0.0204456956793217,4.169716095873848,0.2510800512098101,-0.0271165149748773,4.169716095873848,0.4005975367906935,-0.0330938366938537,4.169716095873848,0.2193624510194678,-0.0283267043547121,4.169716095873848,2.291659016596406,-0.2785998259969462,4.169716095873848,1.398947266034665,-0.1624614634533605,4.169716095873848,0.0970521541950113,0.043937575030012
cremad,43,1,32.0,11.2,1.6,15,556.5,0.3451278659611993,0.271967781866335,0.3468834688346883,0.3712394334150564,-0.0336866592150668,4.169925001442313,0.234268956661519,-0.0349941013188912,4.169925001442313,0.5081437441899785,-0.0454244339082121,4.169925001442313,0.4375626754978641,-0.0181636364155526,4.169925001442313,1.933400417885478,-0.6223772141952963,4.169925001442313,1.3372485927234914,-0.2060384076685402,4.169925001442313,0.1142212189616252,0.0621165847828973
cremad,43,1,64.0,22.4,3.2,4,315.2,0.2539682539682539,0.1325303473377914,0.2601626016260163,0.6337501118900031,-0.0305931260315226,4.169925001442313,0.4276691266189329,-0.0320906574075223,4.169925001442313,0.6449103158513725,-0.0306698378064007,4.169925001442313,0.5133630525161452,-0.038234858965378,4.169925001442313,2.3071998323241933,-0.3539787898535911,4.169925001442313,1.7833032165661415,-0.1463432056620135,4.169925001442313,0.1033860045146727,0.0506440047802416
cremad,43,2,32.0,11.2,1.6,6,347.2,0.3866432878060785,0.2999974984810222,0.3905084745762712,0.1169546511803023,-0.0339330647777895,4.169919344444184,0.0895115418503369,-0.0398691661604857,4.169919344444184,0.2914311443421584,-0.0486990344319009,4.169919344444184,0.2457768115644163,-0.0413654093734017,4.169919344444184,2.185658662937483,-0.4854822841965296,4.169919344444184,1.5309739372975302,-0.2063635961985248,4.169919344444184,0.1074492099322799,0.0549462222812375
cremad,43,2,64.0,22.4,3.2,1,241.7,0.1666666666666666,0.0486392588303416,0.1708474576271186,0.3341519121882159,-0.0260329193639901,4.169919344444184,0.2804164223884164,-0.0397254568668339,4.169919344444184,0.3120740353095912,-0.0234950827788482,4.169919344444184,0.1638599491386987,-0.0263364821119651,4.169919344444184,2.3566029642160764,-0.3665129923989063,4.169919344444184,1.7471017214856477,-0.1675575667096067,4.169919344444184,0.0907449209932279,0.0372593281104766
cremad,43,3,32.0,11.2,1.6,1,237.3,0.1666666666666666,0.0486392588303416,0.1708474576271186,0.389325883692492,-0.0435400563040255,4.169919344444184,0.336667023348832,-0.0284864352729758,4.169919344444184,0.3281843245199871,-0.0260061958995585,4.169919344444184,0.2522813358139468,-0.0271161188060675,4.169919344444184,2.354011122185026,-0.3036713815876464,4.169919344444184,1.7586142862694871,-0.1533473050758509,4.169919344444184,0.091647855530474,0.0382153764440313
cremad,43,3,64.0,22.4,3.2,1,242.4,0.1666666666666666,0.0486392588303416,0.1708474576271186,0.4058249788632526,-0.0258973077316664,4.169919344444184,0.3654354573520968,-0.041303853652737,4.169919344444184,0.6110655350684753,-0.0405647486729119,4.169919344444184,0.330369861670464,-0.0358794187704338,4.169919344444184,2.472781719399965,-0.2835210198975693,4.169919344444184,1.8006681283216022,-0.1724151802591311,4.169919344444184,0.1151241534988713,0.063072633116452
cremad,43,4,32.0,11.2,1.6,4,301.8,0.3592171717171717,0.2874501941878282,0.3680465717981889,0.1855290032700605,-0.0208562431817282,4.247550686408009,0.0945171455276705,-0.0328662301417077,4.247550686408009,0.5535798074527989,-0.052729101700681,4.247550686408009,0.5160020487345327,-0.0387730827805024,4.247550686408009,2.183377599978077,-0.4191119753453582,4.247550686408009,1.6761196707643613,-0.2076580772325229,4.247550686408009,0.0887931034482758,0.0381704980842912
cremad,43,4,64.0,22.4,3.2,2,264.3,0.2308315455439349,0.1079769348498679,0.2263906856403622,0.6340672500278077,-0.0364671232770108,4.247550686408009,0.4963737814904112,-0.036418886825758,4.247550686408009,0.5509266064641101,-0.036448088928612,4.247550686408009,0.4181592178292028,-0.0247208610698077,4.247550686408009,2.4748769003715685,-0.3374220573355018,4.247550686408009,1.9634302794053369,-0.1797437781949602,4.247550686408009,0.0987068965517241,0.0486350574712643
cremad,43,5,32.0,11.2,1.6,8,376.8,0.3645819821489236,0.2982177975717295,0.364625850340136,0.2087882288182649,-0.0328161136203526,4.169716095873848,0.0434078928482781,-0.0365287252777655,4.169716095873848,0.3530005329626524,-0.0545600325981201,4.169716095873848,0.2974168340083185,-0.0379000084537901,4.169716095873848,2.0186115122344166,-0.5274650555223026,4.169716095873848,1.5429049369921004,-0.1699470959368492,4.169716095873848,0.0970521541950113,0.043937575030012
cremad,43,5,64.0,22.4,3.2,5,319.1,0.1666666666666666,0.0486434108527131,0.1707482993197279,0.4413474930158045,-0.0411235838858035,4.169716095873848,0.3843694372037771,-0.0472101729369756,4.169716095873848,0.4352227888290758,-0.0598604729999419,4.169716095873848,0.2889801841955703,-0.0389886711255904,4.169716095873848,2.328000104863377,-0.4548130488859083,4.169716095873848,1.7819217584228078,-0.209458337560199,4.169716095873848,0.1034013605442177,0.0506602641056422
cremad,44,1,32.0,11.2,1.6,1,245.7,0.1666666666666666,0.0486111111111111,0.1707317073170731,0.6676533025254519,-0.0312864293335355,4.169925001442313,0.5863355023359271,-0.043576721724543,4.169925001442313,0.7376679994927589,-0.0335755985612546,4.169925001442313,0.5663542568582716,-0.0268605491057245,4.169925001442313,2.4994786170480108,-0.3135901420052907,4.169925001442313,2.001379299669362,-0.1348011831492508,4.169925001442313,0.1056433408577878,0.0530341256141282
cremad,44,1,64.0,22.4,3.2,8,368.7,0.1871693121693121,0.0910622564014599,0.1917344173441734,0.3981432646156828,-0.0319827732835245,4.169925001442313,0.2532046346815804,-0.0318158572981888,4.169925001442313,0.4031401264579441,-0.0265651527685468,4.169925001442313,0.2829373656672924,-0.0333961241151206,4.169925001442313,1.993174324014116,-0.3117169754078706,4.169925001442313,1.309323918023921,-0.1574650534081234,4.169925001442313,0.0948081264108352,0.0415615456114725
cremad,44,2,32.0,11.2,1.6,5,280.8,0.1818783068783069,0.0922283771109184,0.1864406779661017,0.2102308850556222,-0.0179144046237382,4.169919344444184,0.1891402730288396,-0.0295530378333932,4.169919344444184,0.2924502120410626,-0.0324491515683469,4.169919344444184,0.2137483990794608,-0.0284786349251211,4.169919344444184,1.7818990122362477,-0.2896298596187137,4.169919344444184,1.2829709231954889,-0.1331408169269696,4.169919344444184,0.0902934537246049,0.0367813039436994
cremad,44,2,64.0,22.4,3.2,9,329.0,0.1785714285714285,0.0733889381693935,0.1830508474576271,0.367501743861454,-0.0299758954734565,4.169919344444184,0.2542580768259981,-0.0408110390669147,4.169919344444184,0.3371050590709816,-0.0276186503565671,4.169919344444184,0.2394513834295892,-0.0399985037887331,4.169919344444184,1.826219648953621,-0.4850718854699476,4.169919344444184,1.3374648418142885,-0.1787726394079616,4.169919344444184,0.0957110609480812,0.0425175939450272
cremad,44,3,32.0,11.2,1.6,27,568.7,0.3692567983265657,0.2815823294282732,0.368135593220339,0.1887979610176389,-0.0330793907891271,4.169919344444184,0.1254242109780419,-0.0295033890424445,4.169919344444184,0.2538247270382263,-0.0550025115740444,4.169919344444184,0.1703355184091801,-0.0512023549971081,4.169919344444184,1.9042779415133329,-0.535341487827135,4.169919344444184,1.3147295229931837,-0.1631547982919547,4.169919344444184,0.0884875846501128,0.03486920727659
cremad,44,3,64.0,22.4,3.2,17,429.7,0.3473883351790328,0.279211624525099,0.3471186440677966,0.3097316399128815,-0.0396092717842124,4.169919344444184,0.2026594501318981,-0.0344837314256922,4.169919344444184,0.4964238171577286,-0.0375160928019218,4.169919344444184,0.4336373833151694,-0.037156612775294,4.169919344444184,1.9164060036920103,-0.5532083432543287,4.169919344444184,1.4119841451313686,-0.1873499051975677,4.169919344444184,0.0993227990970654,0.0463417872792457
cremad,44,4,32.0,11.2,1.6,1,208.4,0.1666666666666666,0.0486187845303867,0.1707632600258732,0.6226299366779289,-0.0648036697271345,4.247550686408009,0.5689887584937288,-0.0397574847472537,4.247550686408009,0.7134466761111771,-0.0584925132553681,4.247550686408009,0.6033112829040888,-0.0420129810815677,4.247550686408009,2.588280760122144,-0.4355616280798982,4.247550686408009,2.1791327658035,-0.1875289874836818,4.247550686408009,0.1129310344827586,0.0636494252873563
cremad,44,4,64.0,22.4,3.2,1,193.7,0.1666666666666666,0.0486187845303867,0.1707632600258732,0.7904190817340959,-0.0650871374533563,4.247550686408009,0.6955265596739886,-0.0430905567282158,4.247550686408009,0.5072906311816916,-0.0561967750898109,4.247550686408009,0.4144346819339173,-0.0356733822582606,4.247550686408009,2.620071842458352,-0.4175656040588986,4.247550686408009,1.931594512790053,-0.165361575243871,4.247550686408009,0.0926724137931034,0.042265325670498
cremad,44,5,32.0,11.2,1.6,2,207.2,0.1666666666666666,0.0486151462328103,0.1707482993197279,0.4629654755021728,-0.0634651092663469,4.169716095873848,0.330871112533341,-0.0423126144726149,4.169716095873848,0.4619581830336607,-0.0571425689083708,4.169716095873848,0.2032209727687228,-0.045510017291348,4.169716095873848,2.4229397288076653,-0.4434156803831888,4.169716095873848,1.773849566153621,-0.1990903326885531,4.169716095873848,0.1024943310657596,0.0496998799519808
cremad,44,5,64.0,22.4,3.2,4,233.7,0.1938911022576361,0.094041514041514,0.1986394557823129,0.2936026062610328,-0.0541653301528928,4.169716095873848,0.1957281156585515,-0.0352411729899344,4.169716095873848,0.3871500141227835,-0.0534892771564425,4.169716095873848,0.2733077694123955,-0.0604541267929894,4.169716095873848,2.0707280580095135,-0.3985945700973303,4.169716095873848,1.5883295440124598,-0.2249702018931501,4.169716095873848,0.0997732426303854,0.0468187274909964
